"x","off","y_gaussian_identity","y_gaussian_log","y_gaussian_inverse","y_student_identity","y_student_log","y_student_inverse","y_Gamma_inverse","y_Gamma_identity","y_Gamma_log","y_lognormal_identity","y_lognormal_log","y_lognormal_inverse","y_gengamma_identity","y_gengamma_log","y_gengamma_inverse","y_poisson_log","y_poisson_identity","y_nbinom2_log","y_nbinom1_log","y_truncated_nbinom2_log","y_truncated_nbinom1_log","y_tweedie_log","y_tweedie_identity","y_gamma_mix_log","y_gamma_mix_identity","y_gamma_mix_inverse","y_lognormal_mix_log","y_lognormal_mix_identity","y_lognormal_mix_inverse","y_nbinom2_mix_log","y_gaussian_identity_off","y_poisson_log_off","y_Gamma_inverse_off","size","y_binomial_logit","y_binomial_logit_off","y_betabinomial_logit","y_binomial_cloglog","y_binomial_cloglog_off","y_betabinomial_cloglog","y_binomial_trials","y_Beta_logit","y_ordbeta_logit","y_censored_poisson_log","upr_censored_poisson","y_delta_Gamma","y_delta_lognormal","y_delta_gengamma","y_delta_truncated_nbinom2","y_delta_truncated_nbinom1","y_delta_gamma_mix","y_delta_lognormal_mix","y_delta_Beta","y_delta_Gamma_cloglog","y_delta_Gamma_inverse","y_delta_Gamma_identity","y_delta_lognormal_cloglog","y_delta_Gamma_off","y_delta_lognormal_off","y_delta_truncated_nbinom2_off","y_deltapl_Gamma","y_deltapl_lognormal","y_deltapl_gengamma","y_deltapl_lognormal_mix","y_deltapl_Gamma_off","y_deltapl_lognormal_off","y_censored_nbinom2_log","upr_censored_nbinom2","y_censored_nbinom1_log","upr_censored_nbinom1","hooks","y_censored_binomial_logit","upr_censored_binomial_logit","y_censored_betabinomial_logit","upr_censored_betabinomial_logit","y_censored_binomial_cloglog","upr_censored_binomial_cloglog","y_censored_betabinomial_cloglog","upr_censored_betabinomial_cloglog","y_censored_binomial_cloglog_re","upr_censored_binomial_cloglog_re"
0.26058,-0.44406,2.3458,2.2947,1.9276,1.5013,1.5266,2.5236,2.3596,1.6983,2.2839,1.3686,2.6848,1.6512,2.3709,1.7232,2.0994,1,3,2,0,1,2,7.4766,1.3878,3.4535,2.3046,1.4329,1.6868,2.7271,7.1936,3,2.4836,1,1.011,5,1,1,3,1,1,5,2,0.63121,1,3,3,0.99693,0,0,5,0,0,0,0,0,2.2827,3.7586,0,1.3796,3.2744,0,1.0823,3.6977,5.2035,0,0.9204,2.5227,3,3,1,1,20,13,13,14,14,13,13,13,13,13,13
0.21817,0.23168,1.7987,1.8447,1.7334,2.27,1.831,1.8533,1.5633,1.2111,2.2457,0.86833,1.0265,1.2736,2.3658,2.0584,2.4772,2,1,1,2,1,5,1.0192,3.6442,3.7892,2.612,1.6693,1.5493,2.4038,1.7346,1,2.6576,1,0.92033,5,0,1,4,1,1,0,2,0.47021,0.47472,5,5,0.97999,2.5666,2.0257,1,2,1.3862,0,0,0,0,2.2076,6.7754,1.0505,0,4,1.3837,0,0,2.969,3.0094,2.9936,0,0,1,1,20,8,8,13,13,14,14,17,17,14,14
-0.49924,0.34006,1.2925,1.276,2.7626,1.2902,1.4031,2.4327,1.4311,1.3616,1.4777,1.5084,2.033,1.4243,1.3768,1.3436,2.8854,0,4,1,2,1,2,1.0273,4.3814,1.9845,9.5033,1.8606,2.0179,2.139,3.2276,5,1.8396,1,0.78619,5,0,0,0,0,0,0,2,0.38883,0,5,5,0,2.253,0,0,0,0,0,0,0,3.7481,0,0,0,0,0,1.6644,1.2587,1.3494,0,3.4389,2.6762,4,Inf,1,1,20,7,7,5,5,14,14,8,8,17,17
0.49161,0.21636,1.9874,1.8878,1.7496,2.0157,2.3086,1.6853,1.5032,3.1089,1.0103,1.1119,2.5671,1.8836,2.1523,7.0408,1.6542,3,3,2,6,1,1,1.7,0.093132,2.9586,12.753,1.5227,1.3068,4.1816,2.7661,2,3.0387,4,0.38476,5,0,1,3,1,1,1,4,0.35669,1,6,6,1.4644,2.0355,0,0,7,0,3.2965,0.80538,3.7553,0,2.232,1.6595,2.1833,1.7701,4,1.467,0,2.8028,2.9972,0,2.722,2,2,4,Inf,20,16,16,17,17,13,13,15,15,20,Inf
0.37498,-0.45666,1.6486,2.5221,1.7311,2.2838,2.8081,1.3294,1.2321,1.1509,1.966,2.0441,0.97167,1.3267,1.9405,1.9491,3.0588,8,5,4,2,2,1,0,1.6901,1.3098,3.8606,3.4022,2.6765,2.1446,1.3512,3,1.239,0,1.8325,5,1,0,4,0,1,4,4,0.46152,0.50113,6,6,3.6486,2.4331,1.8093,4,7,1.3076,0,0,1.5227,0,0,3.5498,1.6425,1.3417,1,0,3.8261,2.0399,0,0,2.2355,0,0,0,0,20,15,15,15,15,13,13,12,12,13,13
0.8769,-0.067857,2.6084,2.9718,1.4968,3.5516,2.7349,1.2748,1.4348,2.1008,1.2212,2.1223,2.4765,2.0617,4.5124,2.126,1.3222,4,6,0,0,2,4,3.3089,1.4427,1.1103,2.6139,1.8389,2.7266,1.7018,9.1031,4,2.4907,3,0.49744,5,1,0,5,1,1,2,4,0.44872,1,8,NA,0,0,1.053,2,13,13.873,0,0.62508,2.4248,0,1.0514,2.1307,0,5.0312,2,4.904,4.0714,4.483,3.3526,3.9413,2.1681,0,0,3,3,20,16,16,19,Inf,16,16,16,16,20,Inf
0.38986,-0.32729,2.2908,2.212,1.1234,1.1027,2.0405,1.7694,0.52635,2.5485,2.3889,0.99137,1.591,2.2048,1.9597,1.3275,1.2392,1,0,6,1,1,1,0.78569,3.7329,1.4365,1.9843,3.2062,1.9216,2.5635,2.4456,1,2.0606,1,0.53954,5,1,0,2,0,1,1,3,0.38512,0.78812,6,6,0.84323,2.6836,2.7048,0,0,0,2.635,0.36456,0,1.9325,3.4969,0,1.6043,2.1714,0,2.0138,0,2.87,2.2207,0,1.9546,4,Inf,1,1,20,14,14,10,10,14,14,12,12,17,17
-0.016578,0.38256,1.8491,1.2872,1.9623,2.6356,1.3865,1.784,1.4921,3.8665,0.56337,1.374,1.614,1.1553,1.3698,2.4856,2.2501,0,2,2,4,4,1,1.8162,0.42803,1.0123,1.4846,10.479,9.0083,2.1526,1.0799,3,2.4459,2,0.42207,5,0,0,4,1,1,3,3,0.49591,0.56624,2,2,0,0,0,6,3,0,2.1864,0.64173,0,2.2837,0,0,2.3192,0,1,1.7231,0,1.7677,2.5523,1.5842,0,2,2,2,2,20,12,12,13,13,10,10,18,Inf,9,9
0.86543,-0.50766,2.6975,3.0713,1.4875,3.287,3.1389,1.6771,0.66848,3.6798,4.4603,2.3183,1.1583,0.65725,1.1816,1.7794,1.387,3,0,0,0,4,1,1.5099,9.3681,1.1214,2.7045,2.0151,1.6508,1.9379,1.6429,4,1.8084,2,0.94525,5,1,0,5,0,0,2,3,0.71912,0.87789,5,5,1.525,0,6.9189,0,0,0,2.8572,0,0,1.5301,0,3.9874,0,2.3203,1,6.7153,3.793,4.9569,23.147,4.2913,3.1172,1,1,0,0,20,17,17,19,Inf,19,Inf,16,16,16,16
-0.81118,0.41677,1.9459,1.0698,2.6166,0.77755,1.3852,2.4324,3.0977,1.4078,4.1296,1.4595,1.2083,2.864,1.2516,0.96945,3.4296,1,1,1,0,1,4,1.0114,0.65886,0.56563,0.92441,2.1721,1.7824,1.595,9.6403,0,1.9158,1,0.46862,5,0,1,1,0,1,0,1,0.36949,0.46936,3,3,1.0865,0,0,0,0,0,0,0,0,0,0,1.4366,3.4598,0,2,0,0,0.80698,0,1.222,1.5554,2,2,0,0,20,6,6,7,7,10,10,5,5,6,6
-0.95052,0.31535,1.3339,1.6146,2.9031,1.4007,1.4599,2.9772,2.0497,1.6124,0.84549,1.7269,1.0026,1.699,2.9343,1.0113,1.4316,3,0,0,1,1,1,1.778,0,0.95308,1.0598,2.8645,1.2349,3.3883,2.6481,2,1.0318,0,0.60045,5,0,1,0,0,0,2,0,0.12766,0.24474,2,2,0,0,3.3012,4,0,0,0.82003,0.50297,0,1.9983,1.4508,0,0,0,0,0,1.1443,1.7088,1.4976,0,0.54954,2,2,0,0,20,8,8,5,5,7,7,3,3,6,6
-0.77967,-0.18341,0.94888,1.1216,2.3981,0.83685,1.0349,2.2896,1.2031,2.6711,1.45,1.785,2.2399,2.3982,0.9387,0.92792,2.2402,1,2,1,1,1,1,0,1.9842,1.0618,1.4038,1.2792,0.92661,1.6792,2.5175,2,1.0915,2,1.6244,5,1,0,0,0,0,3,1,0.083812,0,2,2,1.4789,0,1.6787,2,1,0.89838,0,0.036391,0,1.8493,2.3782,1.858,0,0,0,1.467,0,0.5796,1.9379,2.0487,0,0,0,3,3,20,6,6,8,8,8,8,7,7,1,1
-0.92423,-0.12406,1.7548,0.79911,2.7657,0.86387,1.848,2.886,1.8369,0.45515,1.5695,2.0607,1.7211,2.8573,1.3876,1.1907,2.327,0,1,1,0,4,1,0,0,1.1971,1.108,1.9396,1.5504,2.4435,3.344,6,1.1856,0,1.0397,5,0,0,0,1,0,2,1,0.049462,0.062917,2,2,0.65867,1.1658,0,0,0,1.1265,1.1932,0,1.6114,1.2883,0,0,1.8897,0,0,0.61048,1.1066,0.89959,0,0,0,1,1,0,0,20,5,5,6,6,6,6,8,8,9,9
-0.040895,-0.013571,1.9721,1.6107,2.3847,1.8682,1.5513,1.8367,0.9921,2.9608,0.99058,1.8533,1.7235,1.6882,1.5771,1.5832,1.6956,1,3,2,1,2,1,9.2245,0,1.6039,2.6259,2.0092,1.0748,1.504,1.822,2,1.5648,1,0.47192,5,1,1,3,1,1,1,2,0.49459,1,4,4,1.9302,2.8975,0,4,2,2.1212,1.5071,0,4.0675,0.46175,1.683,1.7494,1.6063,0,0,4.2867,2.0059,1.7682,1.8749,5.1168,0,4,Inf,1,1,20,9,9,9,9,8,8,8,8,5,5
-0.55337,0.17398,1.7483,1.254,1.7507,1.8193,1.7814,2.1272,0.91646,0.70601,2.2297,1.0414,1.1641,2.6001,1.1675,2.836,1.2631,4,1,0,1,3,2,1.663,1.5857,0.94811,1.3042,2.8867,5.8876,1.7867,2.9388,0,1.6465,2,1.268,5,1,0,1,0,0,0,2,0.27954,0.27859,2,2,1.5842,0,0,1,1,1.3961,3.1147,0,0,2.7253,0,0,0,0,0,3.0504,2.049,3.8505,1.124,0,0,3,3,0,0,20,13,13,5,5,7,7,7,7,16,16
-0.45638,0.079889,1.6715,1.1328,1.6782,1.4031,1.238,2.2668,2.1878,1.3156,1.1403,1.1307,1.0429,1.4447,1.7075,1.0429,2.2703,0,1,0,0,7,1,2.1916,0.98836,1.2844,0.87345,1.8902,1.5341,1.5685,2.6348,0,1.6071,1,0.71754,5,0,0,2,1,0,1,1,0.37033,1,2,2,0,1.6984,0,1,4,0,2.0885,0,0,3.1187,2.2868,0,0.92956,0,1,1.7205,0,1.9953,0,0.76043,1.376,0,0,3,3,20,8,8,5,5,11,11,13,13,2,2
0.89782,0.39298,2.4869,3.4007,1.3795,2.2991,1.6091,1.7811,0.25076,1.6407,2.97,2.6277,2.4823,1.8452,1.9883,1.8254,1.2122,3,4,3,7,1,5,0,0,1.6873,3.6461,1.2967,2.2481,1.9311,1.6153,4,3.0608,3,1.1061,5,1,1,3,1,1,5,3,0.78335,1,8,NA,1.0662,0,0,1,3,0,0,0,4.2344,1.4275,0,2.0769,0,2.7283,0,5.579,6.319,2.8064,6.5098,10.881,7.6693,0,0,0,0,20,16,16,18,Inf,18,Inf,19,Inf,18,Inf
-0.52008,-0.34161,1.8038,1.6341,2.5596,1.1989,1.0083,2.6536,1.5949,1.2857,1.9042,1.198,1.6722,1.8156,1.3424,1.0218,4.132,0,0,3,1,2,2,0.12253,2.4663,1.6729,0.64219,2.5521,2.9229,2.6364,2.5721,2,1.3643,1,1.8104,5,1,0,0,1,1,2,2,0.2764,0.25722,6,6,0,0,0,0,2,2.0132,1.4355,0,2.4899,0,0.75484,0,0,0,0,1.5049,1.264,0,0,0,0,4,Inf,1,1,20,7,7,6,6,4,4,4,4,7,7
-0.75762,0.33929,0.96745,0.92649,2.8242,2.0528,1.0952,3.0512,2.9849,1.3792,1.0088,1.1718,2.2497,1.8917,1.7928,1.6489,4.8395,0,2,1,6,1,3,1.0028,3.7699,1.5918,1.8777,5.1458,1.6118,9.3376,3.2042,0,1.9099,1,0.72432,5,1,0,1,0,1,0,0,0.13489,0.41676,4,4,0,1.7909,0,0,0,0,0,0,0,0,0,2.6734,0,0,0,1.0864,1.6001,0,0,0,0,2,2,4,Inf,20,6,6,9,9,7,7,0,0,3,3
-0.80357,0.36667,1.3538,1.0439,2.4931,1.2942,1.0141,2.8174,4.0693,1.3897,1.8106,1.8195,1.1057,1.8185,0.86751,0.6863,1.8303,0,0,1,6,4,2,3.7417,0.40035,2.0312,1.7573,1.842,0.70469,1.1424,1.4631,2,1.643,2,0.43377,5,0,1,0,0,0,3,2,0.3101,0.21529,3,3,0,0,0,1,0,0,1.0325,0.3498,0,0,0,1.1622,0,0,0,2.5483,1.6506,0,7.524,0,1.4751,3,3,2,2,20,12,12,14,14,6,6,7,7,6,6
-0.98601,-0.090677,0.90729,0.75039,2.5368,1.8744,0.71021,2.8948,2.0328,0.81132,2.0861,1.0192,2.0191,3.2504,0.96293,0.78681,4.2387,1,0,2,3,1,1,0.17898,1.6769,1.2958,1.3047,2.0204,0.96319,1.1555,3.9503,2,1.2625,0,2.5445,5,0,0,1,0,1,0,1,0.24525,0,5,5,0,1.5948,1.2492,0,0,0.69099,0,0,0,5.2009,1.4827,1.9237,0,0,0,0,0,1.6348,0.77301,0,0,0,0,0,0,20,9,9,9,9,3,3,8,8,2,2
-0.5318,-0.427,1.4075,0.83808,2.4767,1.5287,2.0571,2.3054,3.7167,2.1507,1.9815,2.2088,1.1244,2.6114,0.9681,1.1924,3.3631,3,1,0,0,5,3,5.5779,0,0.57071,2.0034,4.1552,1.4438,2.2155,2.4112,2,1.2272,1,2.4721,5,0,0,1,0,0,3,1,0.26097,0.67329,1,1,0,0,0,4,0,0,0,0,2.3412,0,0,1.8703,0,0,1,1.0408,0,0.77183,0,0.86912,0,1,1,1,1,20,10,10,7,7,9,9,11,11,7,7
0.60908,0.090889,2.4237,2.0376,1.6411,1.9594,2.7341,1.7534,1.8024,3.1171,1.9272,3.8882,3.1697,0.78825,1.6713,2.5875,1.4561,0,3,0,3,4,5,0.27647,4.7376,19.651,1.7061,1.8987,12.135,14.779,7.2028,1,2.4385,3,0.69727,5,1,1,4,0,0,2,3,0.69735,1,8,NA,0,1.4091,4.9233,1,0,3.2189,0,0.65712,2.5655,0,0,2.6068,1.4614,3.5819,5,3.5003,3.1229,2.6255,3.2299,0.90002,0,0,0,3,3,20,13,13,17,17,16,16,14,14,9,9
-0.41874,-0.3953,1.9465,1.459,2.1474,2.372,1.5171,3.1816,0.9352,0.53508,0.759,1.6139,0.88142,2.6623,1.421,1.0586,1.7716,0,1,0,0,1,3,0,0,0.82075,1.7849,1.6364,1.2807,2.6726,13.837,1,0.95564,0,1.2014,5,0,0,1,1,1,1,2,0.10283,0.23899,4,4,1.5775,1.616,1.5702,5,1,0,0,0.40748,1.816,0,1.8825,2.6347,1.3203,0,0,0,0.85092,0,1.8962,1.4229,0,2,2,0,0,20,8,8,6,6,11,11,8,8,12,12
0.73931,0.13577,2.0108,2.6361,1.7396,2.8061,2.3338,2.0017,1.543,1.2509,3.8324,4.7209,3.1626,1.6405,2.7632,1.6609,4.0588,3,1,0,0,1,1,2.2972,0,12.022,2.6182,9.9203,1.7254,2.2734,1.4297,3,2.5548,2,0.15591,5,1,1,3,1,1,3,3,0.62355,0.68053,8,NA,0,2.1226,4.0788,2,3,0,0,0.83869,9.2372,0,4.6975,2.4264,5.1619,7.0974,7,5.107,4.0217,2.9358,0,11.403,4.902,1,1,1,1,20,16,16,13,13,19,Inf,14,14,18,Inf
0.74862,0.41859,2.3652,3.0049,1.4578,3,1.8234,1.7584,1.3131,4.2022,1.1622,3.0246,1.8621,1.2577,2.5458,2.863,1.2042,2,5,2,1,3,4,3.1274,1.6291,1.8231,3.0525,1.5612,2.6138,2.5019,1.2989,1,2.0156,4,0.2303,5,1,1,4,1,0,3,3,0.84224,1,4,4,1.8975,2.2939,2.1296,0,2,0,0,0.5618,2.2104,1.4217,0,2.9861,2.3592,0,13,0.49034,3.8101,4.2769,4.9243,3.391,8.7436,4,Inf,2,2,20,17,17,15,15,14,14,13,13,18,Inf
-0.24393,-0.27935,1.8638,1.9002,2.2721,1.7038,1.2302,2.4558,0.94063,1.5675,0.455,1.4579,1.3084,3.4589,1.8124,1.8061,1.8552,0,3,2,0,2,6,3.2393,0,3.0324,2.3812,2.0686,1.1348,0.92463,1.6859,1,0.98145,0,0.41141,5,1,1,2,0,0,3,2,0.26452,0,3,3,0,3.6101,0,3,1,1.5459,2.0251,0,1.6338,0,2.1693,1.7092,0,0,0,1.2778,2.2549,2.2145,0,2.2602,0,2,2,2,2,20,11,11,6,6,10,10,7,7,16,16
0.32508,0.41547,2.2792,2.0707,1.9303,2.3345,1.9808,1.61,4.7413,2.6484,1.3971,2.1724,1.1898,3.2695,2.3938,2.1796,1.0022,3,2,2,1,2,2,1.4668,0,3.1985,3.8765,1.072,3.3531,3.646,1.721,3,3.1141,6,0.24113,5,0,0,3,0,1,3,2,0.58987,0.6117,5,5,1.6428,1.8991,2.3452,0,2,2.5893,4.12,0,1.312,3.2006,1.4993,2.1229,2.8306,3.2345,10,2.5684,1.0755,0,15.889,3.9336,3.7504,1,1,3,3,20,12,12,12,12,17,17,17,17,15,15
-0.075597,0.052618,2.2893,1.9618,1.7378,2.242,1.6579,2.9948,1.1709,1.6032,2.2645,2.991,1.2868,1.6129,2.0719,0.70692,1.7753,1,1,1,4,1,1,2.6222,1.7938,3.1935,7.1003,1.3917,2.051,2.0613,3.2905,9,1.5201,1,1.0547,5,1,1,1,0,0,1,2,0.43823,0.45101,6,6,2.4236,1.9271,1.4682,0,1,1.9749,0,0,2.4759,3.4792,0,0,0,3.0191,2,0,0.85002,0,0,1.9935,2.0184,3,3,1,1,20,15,15,8,8,10,10,5,5,7,7
-0.67173,0.18639,1.2526,1.5036,2.6928,1.6663,1.4033,2.2317,2.4806,1.3252,0.39505,2.2689,1.0482,1.2268,0.96378,0.84604,1.9008,0,1,1,0,2,5,0.68824,3.8521,1.5742,1.464,1.2138,1.7769,1.2285,1.5734,0,1.356,2,0.41093,5,0,0,0,0,0,4,2,0.37291,0,2,2,1.7459,0,0,0,0,2.5793,0,0,0,0,0,1.199,0,0,0,0,0,0,1.9746,0,0,4,Inf,0,0,20,7,7,7,7,7,7,16,16,13,13
-0.80088,0.31327,1.8804,1.1611,2.66,0.961,1.1805,2.8066,0.97519,1.9479,1.7464,2.0346,0.92234,1.7808,5.0953,0.68648,1.2508,3,1,2,1,1,3,4.3463,0.083412,1.283,1.0975,4.6044,1.3629,1.8126,1.7303,1,2.0429,1,0.45486,5,0,1,1,0,0,1,1,0.096346,0,3,3,0,0,1.0627,4,0,0,0,0,0,3.3093,0,0,3.7363,0,0,0,0,0.86496,1.2775,0.60828,1.0685,0,0,1,1,20,4,4,4,4,6,6,3,3,6,6
0.84978,-0.29209,2.562,2.7876,1.3699,2.689,2.8362,2.0367,1.1346,2.4853,2.5305,2.1665,2.0306,1.618,2.4043,1.9698,1.4876,5,2,3,0,5,2,4.3968,0.86425,1.8096,3.116,1.3099,2.096,2.52,1.0547,5,2.5661,3,1.9608,5,1,0,1,1,1,3,4,0.71429,0.92132,5,5,3.9777,5.5395,1.905,15,4,1.8466,0,0,1.7312,1.4331,0,0,0,2.2106,0,1.7093,2.8988,3.3531,2.2491,0,0,1,1,3,3,20,19,Inf,18,Inf,17,17,16,16,11,11
0.99748,0.44988,2.1228,3.5436,1.7253,2.3809,4.1835,1.1746,0.85731,4.583,1.793,2.3679,3.579,0.85848,6.4223,1.4939,1.4791,0,0,1,3,2,6,2.5154,1.4941,2.9107,3.3541,2.0201,3.0178,11.481,3.9492,4,3.5361,3,0.296,5,1,1,4,1,1,3,4,0.53064,0.69743,7,7,0,0,0,11,0,0,0,0.67186,1.4813,3.1571,5.1681,2.3754,9.9611,3.021,7,6.2229,3.2193,2.627,5.0299,7.0325,7.514,3,3,2,2,20,17,17,10,10,19,Inf,19,Inf,19,Inf
-0.81288,0.18055,0.84956,1.196,2.336,1.4271,1.5603,2.8286,2.2085,1.5294,1.3539,0.90062,1.2944,2.582,2.6681,1.4208,1.8945,2,0,2,5,1,1,5.1327,0,1.0807,2.4835,1.4796,1.113,0.86675,2.5333,2,0.87908,1,0.48585,5,0,1,0,0,0,2,1,0.26853,0,2,2,1.7619,0,1.0886,0,0,0,0,0,0,0,1.4623,0,1.145,3.0021,2,0,1.3846,1.8547,0,0.92715,1.4847,1,1,1,1,20,7,7,6,6,9,9,9,9,11,11
0.11143,0.43368,2.4566,1.4665,2.0071,2.0122,2.4756,2.0622,1.4987,3.8588,0.76805,2.7201,3.729,2.6344,1.2727,2.1421,4.3242,3,2,0,12,7,3,3.6765,3.2744,4.1055,0.94628,1.662,1.5126,1.4307,1.7061,2,1.9458,0,0.70716,5,1,0,2,1,1,1,1,0.55887,0,3,3,3.69,2.2006,1.8783,5,1,2.3081,0,0.3345,4.3808,0,2.6945,1.7252,0,3.9734,0,2.6722,1.7274,2.0077,4.1305,2.3105,0,2,2,1,1,20,15,15,18,Inf,13,13,8,8,7,7
0.23232,0.36503,2.155,1.88,1.4569,2.2133,1.6683,1.9988,1.371,2.1722,1.3066,1.838,1.8225,1.3441,1.7007,1.4211,1.7888,2,0,1,0,4,4,0.35406,0,1.6425,2.187,1.3619,1.9211,2.6267,1.5183,3,2.3944,3,0.8004,5,0,0,2,0,0,3,4,0.55818,0.53197,6,6,1.1841,2.1061,0,0,0,0,0,0,0,1.7791,1.8147,1.3929,6.6342,5.0442,6,3.6292,2.8228,0,3.7543,6.3704,5.981,0,0,2,2,20,8,8,8,8,15,15,14,14,13,13
0.55507,-0.42547,2.3719,2.2791,1.4145,2.4583,2.6724,1.9051,1.5312,2.3956,1.5867,1.7766,2.5544,1.3436,7.1911,3.5913,1.9567,4,0,7,2,2,1,2.4147,0.20083,2.2724,4.8199,1.1754,1.8863,1.7392,1.6802,4,2.1253,3,0.88919,5,0,0,2,1,1,3,4,0.83065,0.31221,5,5,1.5079,1.9029,1.5554,0,3,0,2.7415,0.39081,4.9414,5.44,1.4023,3.0086,1.9897,2.2428,5,6.3657,0.49826,4.5307,4.3565,3.1717,7.4251,0,0,2,2,20,13,13,16,16,14,14,17,17,16,16
0.58987,-0.34996,2.6478,2.453,1.2078,1.9713,2.603,1.7673,1.565,4.9391,2.3426,2.4416,3.0856,1.9416,1.1117,1.2698,1.374,0,4,2,1,1,1,0.46919,1.8799,1.6208,2.1365,0.8564,2.8646,2.2412,1.4398,8,1.9212,1,1.544,5,0,0,3,1,0,5,3,0.47577,0.79995,8,NA,2.4579,4.3557,2.7546,5,0,2.4422,0,0.41908,0,1.2241,0.61828,0,0,0,3,5.2532,1.7495,2.0306,3.5632,0,2.5883,0,0,1,1,20,19,Inf,13,13,14,14,20,Inf,14,14
-0.79328,0.38658,1.3542,1.0769,3.0767,1.539,1.2991,2.8698,1.1234,2.1573,0.74627,1.1251,1.0851,4.2128,1.4205,1.963,1.7147,2,1,0,1,1,2,0,0.62125,1.0495,1.2296,2.4989,1.5753,6.5396,3.9746,2,1.7601,3,0.7677,5,0,0,3,0,1,3,0,0.39748,0,4,4,1.1779,1.0392,2.0755,0,1,0,1.6822,0.12655,0,0,0,0,0,0,1,0,0.98477,0,0,1.0722,1.5628,0,0,0,0,20,7,7,3,3,5,5,9,9,7,7
-0.25472,0.40481,1.5818,1.7285,2.0929,1.1438,1.4745,2.0313,1.5186,0.47834,0.78264,2.1012,3.1203,2.1684,1.2904,2.9216,1.349,1,2,0,1,1,4,0.13995,2.0489,2.5465,1.3787,2.4245,1.6619,2.932,1.4381,3,2.1071,3,0.60842,5,0,0,3,1,0,2,3,0.16988,0.14281,2,2,0.99111,4.0211,1.2609,6,0,0,0,0.24339,0,4.5024,0,1.1779,0,3.4503,8,2.6988,2.4988,1.3317,0,1.404,2.3721,0,0,1,1,20,10,10,9,9,9,9,13,13,14,14
-0.91474,0.41164,1.8093,1.1088,2.3254,2.3171,1.3303,2.6527,1.9183,0.89538,0.37562,1.8044,1.1958,3.4556,1.0942,0.58655,3.7996,0,2,2,1,1,2,5.987,1.9171,1.2811,6.785,2.9167,1.1526,0.67897,3.336,8,1.6524,0,0.43311,5,0,0,2,0,0,0,2,0.09225,0.27292,4,4,0,0,1.3556,3,0,0,0,0,0.35966,0,0,0,0,2.1152,0,0,0.42803,0.86408,0.74641,0,0,1,1,1,1,20,7,7,1,1,3,3,6,6,7,7
-0.72196,0.42448,1.2049,1.4671,2.1018,1.7009,2.6173,2.4886,1.672,0.81386,1.2081,0.60461,0.93251,1.1486,2.0031,1.1255,2.9922,1,1,1,0,1,1,0.8649,0.85774,1.1882,1.1425,6.3851,1.1387,1.0534,1.7154,1,2.0724,2,0.52785,5,0,0,0,0,0,2,0,0.12463,0.30123,3,3,0,0,0.74474,2,2,0,3.0732,0,0,0,2.3063,0,0,0,0,0,1.9966,1.4353,1.2679,0,0,0,0,2,2,20,6,6,7,7,7,7,3,3,4,4
0.80934,0.19998,2.4736,2.7829,1.3731,2.483,2.3128,2.0046,1.3099,2.7465,1.7877,4.0117,1.3842,2.7171,2.9171,4.0121,4.1659,7,1,4,1,1,9,0.45455,0,1.1648,2.4484,2.2886,16.241,2.8433,2.223,0,3.0754,2,0.64292,5,1,1,4,1,1,3,4,0.53378,1,8,NA,0,2.3991,1.6007,0,4,2.386,5.5523,0,0,1.7892,2.5229,2.9325,0,5.9477,0,4.87,3.396,5.4471,4.5534,2.375,5.4446,0,0,2,2,20,13,13,16,16,18,Inf,14,14,17,17
-0.38556,0.27802,1.4645,1.6171,2.5579,1.4672,1.4315,2.133,0.84253,2.1185,2.8061,1.353,1.654,1.5113,1.7873,0.91907,3.1892,0,2,2,1,1,1,1.3635,0.88326,1.3811,8.4433,15.532,1.4226,1.5862,1.801,3,1.9538,2,0.56784,5,0,0,2,0,0,2,1,0.38026,0.61841,0,0,0,0,1.1401,1,1,2.0202,0,0,0,0,0,0,0,0,0,2.0345,0,0.92672,2.421,1.3589,0.96372,4,Inf,0,0,20,13,13,10,10,9,9,13,13,5,5
0.094879,-0.19638,1.9238,1.9883,1.6836,2.0037,1.873,3.0323,3.5036,2.5023,1.89,1.7419,1.4407,1.945,2.7807,1.1648,1.1426,0,2,1,0,4,1,7.5809,0,3.1734,1.3553,2.4491,13.686,4.3061,2.4374,2,1.6605,0,0.84671,5,0,0,2,0,0,4,2,0.43073,0.69117,8,NA,0.93033,0,2.865,2,0,0,1.9191,0.43854,1.4833,2.4751,0,0,0,1.4028,0,1.7218,0,2.0994,2.5173,3.3274,1.7758,2,2,2,2,20,13,13,15,15,14,14,14,14,20,Inf
-0.45037,-0.09813,1.4276,1.9865,2.3923,1.3971,1.1824,1.7971,2.8441,0.26083,1.3298,2.6995,1.7393,3.0668,1.262,0.50576,2.2233,4,1,3,0,1,1,0,0.20248,0.51032,1.5445,4.1892,0.9061,1.2919,3.2937,2,1.3248,2,0.94698,5,0,0,2,1,1,0,3,0.36603,1,4,4,0,2.2604,0,3,0,2.5066,1.6468,0.17797,0,0,0,1.1726,0,0,0,0.98336,0.58053,1.2062,1.2427,1.3356,1.7876,3,3,4,Inf,20,10,10,4,4,10,10,11,11,15,15
0.90835,-0.44823,2.7181,2.9946,2.1073,2.8349,2.6477,1.5783,2.5503,1.6665,1.7631,1.4171,3.3963,2.0873,1.5292,1.9342,1.6731,2,4,5,2,2,1,0,0.71128,1.4043,1.0682,1.8436,3.34,1.312,1.0918,2,1.7402,1,1.1952,5,1,1,4,1,1,4,3,0.62716,0.82823,8,NA,0,2.8906,1.3692,0,15,0,2.327,0.50174,1.3233,1.6617,9.0254,0,3.7664,1.5762,0,0,1.8868,9.856,3.0576,2.5811,4.2596,4,Inf,1,1,20,18,Inf,14,14,18,Inf,20,Inf,19,Inf
0.44735,-0.21083,1.8428,2.2574,1.7065,1.9268,2.3577,2.9958,0.40081,1.5997,1.4304,4.7568,2.577,1.481,3.3998,2.6361,4.129,3,2,1,0,1,1,0,10.154,3.2423,2.0339,1.3824,1.6414,1.9851,2.3862,4,2.4956,1,0.17386,5,1,1,3,1,0,4,2,0.56864,0,6,6,1.2787,3.4786,1.7322,1,1,2.3072,0,0.37905,1.5165,0,0,0,0,1.5504,5,2.7715,0,1.7868,4.3833,3.1561,1.5312,1,1,0,0,20,15,15,14,14,15,15,17,17,20,Inf
0.17433,-0.014076,2.5598,2.4315,1.6808,1.8157,2.4448,1.7389,1.0456,1.961,1.2547,1.8008,1.5146,1.4097,1.6368,1.3279,2.4291,3,0,1,1,2,5,0.50225,0.062994,1.3248,3.1484,2.5619,1.937,1.0487,1.141,1,2.039,2,0.85866,5,0,0,3,1,1,4,3,0.7955,0.41078,6,6,0,2.4753,0,7,2,1.7501,0,0.65699,0,0,0,0,3.1921,1.6217,0,2.4813,1.6866,0,11.514,0.55405,1.0906,0,0,1,1,20,12,12,12,12,11,11,14,14,12,12
-0.24931,0.18416,1.4089,1.1573,1.7572,1.7436,2.1207,2.3317,1.6167,0.92116,1.8324,1.676,3.6873,1.5328,2.4067,1.1181,1.3417,4,0,0,1,1,2,0.19608,0,1.4877,2.2295,4.4227,1.3749,1.5724,17.27,0,2.1297,0,0.6936,5,0,0,0,0,0,2,1,0.21923,0,1,1,4.1651,0,1.7881,2,0,15.217,0,0,0,0,1.3452,0,0,0,0,3.3589,2.1616,1.4905,0,2.4578,1.9046,2,2,0,0,20,11,11,12,12,13,13,13,13,8,8
0.11926,0.071757,1.6645,2.1736,1.6733,1.9648,2.0292,1.8564,1.2936,3.2546,3.926,1.5845,3.181,3.7721,2.1147,2.004,1.2839,1,2,2,0,9,1,0.77454,0.87573,1.6989,2.0996,1.3991,6.9487,2.6689,1.9528,2,1.6251,7,0.8767,5,1,1,3,0,1,4,2,0.34799,0.35024,5,5,0,0,1.7152,0,0,14.386,0,0.55237,0,1.2383,0,0,3.316,3.6224,2,1.1402,0,2.3082,1.6223,1.0078,0,2,2,1,1,20,13,13,16,16,11,11,13,13,14,14
0.64452,0.24423,2.2853,2.556,1.9084,2.6303,2.7299,1.9059,0.60704,2.4303,3.6038,2.8044,1.3935,1.434,1.6743,0.99083,0.74944,0,5,2,6,1,1,6.606,0,2.3011,2.0495,1.0878,16.472,1.3322,1.3045,2,3.1779,2,0.39398,5,1,0,4,0,1,4,4,0.69618,0,3,3,0,2.6686,3.1127,0,1,3.7055,4.9434,0.45154,4.0271,0,0,4.2982,0,0,2,4.5113,3.4697,10.661,2.808,5.1943,0,0,0,4,Inf,20,15,15,13,13,15,15,18,Inf,11,11
0.62215,0.041164,2.5588,2.7154,1.6112,2.3192,2.464,0.46809,0.97395,3.604,2.2288,2.1048,1.9437,1.2959,2.7555,1.924,1.3192,1,1,1,0,1,2,0.16703,0.55598,1.6708,3.1446,7.2896,1.886,1.8705,1.5236,1,2.4702,4,1.3991,5,1,1,5,0,1,4,3,0.56962,0.78834,5,5,4.8667,0,0,1,0,0,4.8037,0.49248,2.1711,2.8395,1.5185,0,1.6143,1.8216,2,0,2.905,2.342,5.1093,6.4981,3.1144,1,1,4,Inf,20,13,13,8,8,16,16,16,16,17,17
-0.5802,0.031612,1.5801,1.4429,2.6118,1.9595,2.2103,2.5117,2.3311,1.0415,1.2524,1.8678,0.64098,1.7205,1.7625,0.72806,1.2915,1,2,0,1,3,5,1.701,0,8.4173,1.8601,8.7376,1.2701,9.9824,3.5999,1,1.4677,0,0.5645,5,0,1,1,1,0,0,0,0.18221,0.14509,5,5,0,0,0,0,4,0.62077,0,0.37306,0,1.6808,1.9128,1.5636,1.7312,0,1,1.0463,1.462,1.8123,1.0548,1.4187,0.8064,0,0,3,3,20,10,10,9,9,5,5,7,7,7,7
-0.20986,-0.18162,1.5319,1.5463,2.1775,1.4754,1.5875,2.2009,2.8148,3.3663,1.2778,2.2871,2.1711,2.3723,3.5624,1.9841,2.4206,4,3,0,0,4,2,1.7356,2.5807,1.4911,2.0883,1.4057,1.6904,1.6518,2.4096,5,1.3823,2,0.37702,5,0,0,0,0,0,2,2,0.4071,1,4,4,2.7096,1.8965,0,0,0,1.9067,0,0,0,5.822,0,1.8831,0,1.6568,0,0.9716,1.6869,0,6.8431,0,2.1784,1,1,2,2,20,12,12,10,10,13,13,11,11,12,12
-0.17685,0.23733,1.9259,1.2599,1.9349,1.615,2.0813,1.8333,2.2049,1.8004,0.74265,2.1336,0.99952,2.1186,0.9344,3.0469,2.6581,0,2,0,1,1,4,3.8276,1.0122,1.9706,2.2639,2.3676,1.4145,1.7096,2.0951,6,1.8742,0,1.2395,5,0,1,4,0,1,2,3,0.39567,0.27474,4,4,2.8653,0,0,0,2,2.3457,0,0,0,0,1.0547,0,0,3.0822,2,1.3151,0,0,2.614,3.0036,1.8513,4,Inf,4,Inf,20,9,9,8,8,14,14,3,3,13,13
0.13342,-0.071438,2.2052,1.6421,1.4525,2.2855,2.3191,1.7122,0.61307,1.3252,3.7112,2.9996,1.6372,1.4332,1.4975,1.9083,2.7377,3,1,3,0,3,1,2.6237,2.1961,2.7482,8.6753,1.3321,1.9497,1.9174,1.5689,2,2.1024,0,0.40723,5,1,1,4,1,0,3,3,0.40685,0.51774,5,5,4.0758,1.3926,1.5719,0,0,0,2.1638,0,0.76222,0,5.2886,0,0,0,8,1.3285,0,2.3365,2.3924,1.4685,1.6619,3,3,2,2,20,15,15,3,3,12,12,11,11,18,Inf
-0.057123,-0.39594,1.9528,1.7897,2.3885,1.9214,1.9883,2.529,0.46552,3.8906,4.5179,2.3416,1.2852,0.90403,1.6375,0.88105,1.6933,1,0,0,0,3,6,2.0182,0.81293,2.0375,2.4398,3.7571,1.7367,2.7699,3.0428,2,2.1933,1,0.48765,5,0,1,4,0,0,1,3,0.55097,0,7,7,1.2676,0,0,0,3,0,1.9789,0.45956,0,0,0,3.0436,2.5828,0.87017,3,2.5239,1.2816,3.5042,2.1507,2.9258,1.0641,2,2,2,2,20,9,9,6,6,11,11,10,10,10,10
0.21486,-0.11005,2.3944,2.2475,1.4213,2.4215,1.7197,2.2036,1.3678,1.9424,4.6473,2.8243,0.94334,2.2237,1.4938,2.2776,1.4628,1,6,0,0,3,1,2.318,1.205,1.5694,1.774,2.2594,13.658,4.017,2.3022,0,2.4456,1,1.6758,5,1,0,5,1,0,1,4,0.30339,1,8,NA,0,2.0067,2.9286,3,0,0,0,0.3856,4.2302,1.8574,2.872,1.9332,0,1.2718,1,3.8237,1.8292,0,2.08,0,3.1175,2,2,3,3,20,10,10,12,12,15,15,19,Inf,17,17
0.23781,0.21341,2.0814,1.4338,1.4842,1.2388,2.0384,2.2095,0.95649,5.5775,1.8193,1.553,4.5775,1.6123,1.4945,3.8271,0.93902,2,4,5,0,1,2,0,2.3035,2.7009,3.0641,1.8688,12.551,1.8009,1.4537,1,1.7529,1,0.47942,5,1,0,3,0,1,4,2,0.50104,0,3,3,2.5475,0,1.247,7,2,3.107,14.81,0.4162,2.9984,2.6985,0,0,4.1239,3.2742,0,3.0779,4.395,0,0,4.0751,3.9552,1,1,1,1,20,13,13,4,4,16,16,16,16,16,16
-0.20829,0.36516,0.9882,1.3571,2.3136,1.4332,1.9166,1.8626,2.2074,3.9709,1.1656,1.5144,1.935,4.1734,2.7802,0.94808,2.5103,4,2,0,2,4,1,1.3358,1.5424,1.7023,2.3044,3.0555,1.969,1.4589,3.1262,1,2.4887,2,0.78949,5,1,1,4,0,1,1,2,0.61738,0,5,5,0,1.8354,0,1,0,2.8778,0,0,0,0,0,3.1846,7.1015,1.4855,1,1.9152,3.6633,1.3859,1.4343,1.196,0,0,0,2,2,20,14,14,5,5,15,15,14,14,9,9
0.5665,-0.51033,2.5486,2.6796,2.1598,2.2225,2.4964,1.7869,1.041,0.75428,2.9813,1.3851,2.8794,1.4819,3.9117,1.6274,1.6161,1,2,1,1,3,1,0.7866,1.2834,4.0561,3.9124,10.165,2.7669,1.9822,1.4922,6,1.6085,2,0.97226,5,1,1,5,1,0,3,2,0.58142,1,5,5,0,0,2.3151,3,13,3.1344,3.012,0.64838,0,0,3.615,0,0,0.99737,2,0,2.4076,2.2746,3.2946,1.243,2.6026,0,0,1,1,20,15,15,14,14,15,15,17,17,18,Inf
0.0025359,0.21272,1.7248,1.9716,1.8854,1.9401,1.6692,2.0913,1.3931,1.5482,0.93724,2.99,1.3985,2.584,4.95,1.3874,1.2364,1,2,2,1,1,3,0.7986,0,2.3401,3.604,2.3621,2.668,1.915,10.27,1,2.348,3,0.63744,5,1,1,2,0,0,2,3,0.53915,0,7,7,0.50708,1.628,0,1,1,0,2.0204,0.47577,0,0,0,1.0862,3.149,2.6219,0,2.7955,1.1513,0.94884,4.7397,1.032,4.0839,0,0,2,2,20,14,14,17,17,8,8,15,15,13,13
-0.39797,-0.065819,1.6928,1.5643,2.2659,2.8738,1.0519,2.6221,2.8782,1.5015,1.4864,1.0328,1.5314,2.5856,1.0332,1.297,1.2603,2,2,0,0,2,3,0,1.0554,1.5162,0.81444,2.1535,0.73665,1.2851,2.6055,1,1.5802,0,0.94138,5,0,0,1,0,0,0,1,0.25635,1,5,5,0,1.6558,1.9283,4,1,0,0,0.58605,1.7382,0,0,0,0,2.2356,1,1.4169,2.9778,1.7929,1.4261,2.4549,0,0,0,1,1,20,11,11,16,16,9,9,3,3,15,15
-0.56565,0.24399,1.2356,1.8322,2.3615,1.5099,1.3462,2.6644,2.1417,0.8985,1.7564,1.9588,1.2404,4.1117,0.98671,0.65734,2.0174,2,4,2,3,2,1,0,0,1.3447,3.7028,2.7251,1.3326,1.8013,2.7388,0,1.6862,1,0.49267,5,0,0,0,1,1,0,2,0.22413,0.42547,1,1,1.0332,0,0,0,0,0,1.3465,0.34728,0,2.0945,1.5729,1.751,0.9823,0,0,1.327,0,1.5768,1.2338,0,1.2294,2,2,0,0,20,7,7,3,3,8,8,11,11,6,6
-0.81606,0.15875,1.6989,0.73946,2.4252,1.204,1.2108,2.6167,5.9684,1.1681,1.6299,1.6362,0.95044,2.4161,1.4218,0.63591,1.4803,1,2,1,1,1,1,0,2.99,1.9914,0.75827,3.9836,0.85746,5.8529,2.2603,0,2.0308,1,0.87546,5,0,0,1,0,1,3,1,0.33282,0.15627,2,2,2.0801,1.2341,1.1708,1,0,0,0,0.33323,0.57864,0,1.8302,0,0,1.3439,2,0,0,0,1.7346,0,1.4302,0,0,0,0,20,9,9,10,10,9,9,6,6,6,6
0.52496,-0.13289,2.1076,2.6997,1.8194,1.7093,2.6088,1.7536,1.5765,3.0899,5.2954,1.1444,2.4455,1.4547,3.7352,1.7917,1.2172,1,6,1,5,2,2,1.9041,5.5932,3.2602,3.0873,1.1525,2.6986,2.5262,2.5766,0,2.2128,2,0.15736,5,1,1,4,1,0,5,3,0.52842,0.66436,8,NA,1.0946,1.718,3.0537,2,9,1.6874,0,0,6.6463,2.1005,0.94335,0,2.1753,2.5656,0,3.3932,4.8044,5.0056,2.637,2.8345,3.7642,3,3,4,Inf,20,17,17,15,15,14,14,18,Inf,11,11
-0.021704,0.44783,1.9129,1.389,2.257,2.1164,1.5532,2.0809,1.6739,1.318,2.1886,3.3229,1.6666,1.0851,1.1536,1.6034,1.382,2,2,5,0,3,4,0.45057,0,0.73755,4.0626,1.3032,3.1784,1.9002,1.1049,2,2.5757,0,0.5756,5,1,1,0,0,0,4,3,0.28674,1,4,4,1.3746,1.7862,2.2347,0,4,8.5928,0,0.49239,0,1.6485,2.2782,0,2.3639,0,3,3.196,4.7337,1.5468,1.1804,0,2.2674,4,Inf,2,2,20,10,10,9,9,12,12,5,5,18,Inf
0.5862,-0.25686,2.4227,2.6139,1.2868,2.4344,3.9204,2.0036,2.6653,1.3797,2.5438,4.3223,3.1243,2.3145,2.0823,1.3312,3.4918,3,0,4,0,1,2,5.4639,0.62359,1.5153,3.7039,2.5141,5.9945,1.9631,1.351,3,1.5946,1,0.50154,5,0,0,1,1,0,4,2,0.47397,1,2,2,0.71871,3.8482,2.926,2,1,1.7187,2.3061,0,0,1.6477,0,0,0,1.6587,2,1.7939,3.7991,2.7294,2.782,1.5365,4.9793,0,0,1,1,20,15,15,15,15,17,17,16,16,15,15
-0.30645,-0.19511,1.6389,1.5618,2.5272,1.9778,1.324,2.6587,0.76622,1.6973,1.256,1.1378,1.8293,2.2367,2.7531,1.8774,3.6255,1,2,0,0,2,2,0,2.8498,2.0618,1.1661,3.991,0.96169,1.3486,1.7709,0,1.5831,1,0.46069,5,1,0,2,0,0,1,0,0.32305,0.46397,2,2,2.8197,1.6536,0,2,2,0,0.92579,0.39096,0,0,3.3184,2.835,1.1372,0,0,2.4747,0.96425,0.95114,0,0,1.4202,0,0,0,0,20,12,12,12,12,8,8,6,6,18,Inf
-0.38932,-0.30909,1.3139,1.52,2.0025,1.1053,1.3012,2.2123,2.7523,1.8521,1.4655,1.5086,1.7997,1.1836,2.1166,0.81137,1.5927,1,0,3,0,3,4,0.50539,0,1.4775,1.0434,0.64199,1.4834,2.0836,1.0735,1,1.7699,0,0.66067,5,1,0,2,0,0,0,2,0.41683,0.26273,7,7,0.72058,1.4501,0,2,0,0,1.4375,0.26958,1.2207,1.0203,2.8255,0,0,0,0,3.2986,1.5526,0,1.6835,0,0,0,0,4,Inf,20,10,10,3,3,11,11,12,12,14,14
0.48157,-0.088219,2.1749,2.628,2.4235,2.2323,2.3416,1.6751,2.1084,1.0719,0.97088,1.1439,1.5638,1.1633,1.9236,2.7272,2.1061,5,4,1,5,1,5,4.7101,0.65246,2.4038,1.5204,2.9979,2.0633,1.6077,2.1655,0,2.367,1,0.77539,5,0,1,3,0,0,5,3,0.66325,1,4,4,0,2.12,3.7973,5,7,2.7157,1.9664,0,0,3.3731,2.9334,0,4.1612,3.4501,2,4.9065,3.9438,2.4055,0,1.8454,2.7998,3,3,2,2,20,15,15,15,15,14,14,14,14,14,14
0.38029,-0.13064,2.8603,2.294,1.8009,2.5892,2.8378,1.8656,1.4832,4.9238,2.7791,0.82679,1.5686,1.7009,1.7332,1.3287,1.7068,4,3,5,3,6,1,1.2017,12.172,2.3043,3.0906,1.2658,2.1815,1.7616,1.7199,4,2.9525,2,1.248,5,1,1,3,1,0,0,3,0.2724,0.29282,8,NA,0,2.652,2.3855,0,3,0,4.2376,0.53328,2.3763,0,0,0,1.8978,2.5744,2,2.7289,2.7504,1.9932,2.2949,2.9946,3.4729,3,3,3,3,20,15,15,16,16,19,Inf,16,16,14,14
-0.71251,0.25047,1.3413,1.4276,2.605,1.8555,1.1843,2.8915,3.2457,1.3091,1.9716,2.0435,2.252,1.4208,1.7599,1.7038,2.4502,2,1,1,0,3,2,0.5132,2.4155,1.0257,1.1943,2.0336,1.0622,2.0481,1.4929,1,1.827,1,0.41056,5,0,1,2,0,0,2,2,0.021976,0,4,4,1.8039,1.636,2.1807,0,4,1.4154,0,0.10269,0,2.7768,0,0,0,2.2511,3,0,2.227,1.1757,1.2995,0.86163,1.7729,3,3,1,1,20,10,10,7,7,11,11,1,1,11,11
-0.34429,-0.22126,1.7439,1.4056,2.2698,1.451,1.5177,2.0296,3.5741,0.92581,2.253,2.3499,1.3695,2.2799,1.9966,1.0106,1.8789,3,0,4,0,1,1,4.5465,2.8897,1.6802,1.7668,2.1698,1.8799,2.1465,4.6691,1,1.6099,1,2.2258,5,0,0,3,1,0,0,0,0.2833,0.45775,8,NA,1.1828,3.7763,1.7731,2,0,0,2.0052,0,0,1.9208,1.9705,0,0,0,1,0.87871,0,3.334,0,0.61841,0,0,0,4,Inf,20,11,11,11,11,9,9,11,11,6,6
-0.0072505,-0.0052675,1.9297,1.338,2.4516,2.2128,2.122,1.7471,1.6054,2.8127,2.1032,0.92605,0.82229,5.9908,2.0172,1.2324,1.6265,5,2,4,1,10,2,0,0,1.5881,1.7187,1.3646,2.0082,11.725,1.4391,1,1.815,2,1.1332,5,1,0,2,0,0,2,2,0.69667,0.51307,1,1,0,0,0,0,8,0,0,0,1.6236,0,0,1.8522,0,2.6739,7,1.1372,2.4978,0,21.765,3.4275,0,0,0,0,0,20,13,13,11,11,10,10,12,12,5,5
-0.50966,-0.15731,1.6178,1.6958,1.8276,1.9278,1.3083,2.0644,3.2875,1.4815,1.9161,3.4165,0.9284,2.1266,0.97379,0.73168,1.6694,1,1,1,2,3,3,1.0848,1.2889,1.2217,1.3047,2.6087,0.99202,1.8632,1.9568,2,1.5692,0,1.0326,5,0,1,1,0,0,4,2,0.12704,0.37605,7,7,0,0.97129,0,2,1,0,1.3862,0,0,2.7245,1.4066,0,0,0,2,0,1.2921,0,0,0,0.85961,2,2,1,1,20,7,7,7,7,8,8,4,4,8,8
0.54718,0.28386,2.6468,2.7123,1.6916,2.7978,3.681,2.1865,1.885,1.4038,2.2502,1.0341,2.6423,2.3277,2.6028,2.0138,1.7607,3,2,0,2,7,1,4.4125,0.93051,1.5397,4.3838,0.73159,1.7213,2.155,0.89597,1,2.9598,1,1.1254,5,1,1,0,0,0,1,4,0.54178,0.64532,5,5,5.7658,1.606,2.587,0,0,1.7633,0,0,0,0,2.7721,1.9025,0,3.3249,1,5.3626,4.0256,2.4588,16.352,9.9517,8.0903,4,Inf,4,Inf,20,15,15,13,13,14,14,13,13,11,11
0.64117,-0.50527,2.2646,2.4597,1.3063,2.8993,2.4316,1.517,0.82372,0.74304,1.8957,2.7418,2.0262,2.4474,1.3399,1.5372,1.1602,0,3,3,6,3,3,1.397,5.1849,2.886,2.8235,2.5956,2.2187,20.951,1.0207,7,2.0915,2,1.4641,5,1,1,4,0,1,4,4,0.24053,0,8,NA,3.3947,1.312,3.9482,1,0,0,1.9776,0.35153,2.669,2.2919,2.0109,0,0,3.1918,2,0,5.1258,0,0,0,1.1235,4,Inf,2,2,20,20,Inf,15,15,16,16,13,13,17,17
-0.22996,-0.048087,1.6352,1.2726,2.2287,1.7198,1.6859,2.1132,0.25312,1.0618,0.68486,4.1311,1.2345,2.7613,1.123,1.5518,3.0872,1,2,1,4,1,3,0,1.2734,8.3933,2.5717,0.94194,7.0115,1.5781,1.7249,1,1.8602,0,0.8956,5,0,0,3,0,1,0,4,0.15868,0.39621,3,3,0.60401,1.7103,0,2,2,0,2.3525,0.37128,0.79809,0,0,0,0,1.4697,1,1.0888,1.2921,1.82,1.5617,1.2629,0,1,1,0,0,20,10,10,8,8,11,11,8,8,6,6
-0.94729,0.086735,1.1115,1.5904,2.9073,1.4744,0.5312,2.8932,2.7824,1.3065,0.46778,1.172,1.2588,1.1182,1.6629,0.98165,2.6142,0,2,1,1,2,5,0.31618,5.6382,1.2608,1.7557,1.0852,1.1804,1.3495,2.2465,3,1.4607,0,0.73396,5,1,0,0,0,0,0,0,0.23601,0,3,3,0,0.98725,0,0,4,0,1.5024,0,1.0754,0,0,0,2.3893,0,0,0.91687,0,0,0.91609,0,0.71329,3,3,0,0,20,7,7,7,7,2,2,6,6,3,3
0.10906,-0.28418,2.018,1.5678,2.0455,2.0524,2.2973,1.917,1.3838,2.2518,1.9214,0.85359,2.1482,2.8017,3.2041,2.2604,2.9473,0,0,1,0,1,2,1.4334,0.26273,2.3004,3.2039,2.2744,1.6078,3.2609,1.5115,5,1.5114,1,1.9489,5,1,0,3,0,1,3,3,0.19936,0.33099,8,NA,0,5.0296,0,0,5,1.3828,2.8812,0.45374,4.3076,0,1.1081,0,0,0,0,1.39,0,3.4668,2.3592,0,1.5107,0,0,4,Inf,20,13,13,16,16,14,14,12,12,16,16
0.62774,-0.22927,2.39,2.4058,1.2783,3.1296,2.7129,1.6683,0.95837,0.84326,1.6253,1.3776,1.8118,0.67332,2.9753,2.1079,1.3983,3,2,1,1,1,2,0,1.7012,2.7245,4.6869,2.59,2.6982,0.99799,1.0808,2,2.2857,0,0.92809,5,1,1,3,0,1,3,3,0.84555,0.76069,8,NA,5.5089,3.6766,3.5009,5,1,0,0,0.26643,4.5672,0,0,1.6976,1.6559,1.5535,1,5.0898,0,0,2.9414,1.6744,1.7202,1,1,3,3,20,13,13,5,5,16,16,13,13,12,12
0.83074,0.27957,2.49,2.2873,1.3085,2.3178,2.6837,1.793,1.0227,1.792,3.2949,1.4487,3.3838,1.8845,1.8193,2.6747,1.0315,2,3,2,2,6,4,0.3586,1.8809,1.0727,2.1797,2.764,3.7621,1.5077,1.8893,2,2.4323,5,0.85977,5,1,0,5,0,1,3,4,0.46527,0.80027,5,5,5.1617,2.6529,0,0,1,2.6713,2.7669,0.3731,0,0,2.7435,2.692,7.2453,7.3728,5,2.2168,4.8959,5.2964,0,6.2827,3.69,4,Inf,0,0,20,16,16,12,12,14,14,15,15,15,15
0.77337,0.0043287,2.5278,2.4019,1.6715,2.2051,2.4131,1.733,2.3386,3.9862,4.2737,3.1715,1.2401,0.69319,4.9757,3.2085,1.0177,1,2,3,2,2,10,0.28474,6.0683,10.67,9.2147,0.91143,2.0596,5.4075,1.4538,10,2.6071,4,0.07375,5,1,1,3,1,1,0,4,0.6129,0.6958,8,NA,2.2889,1.7592,2.5056,1,7,2.14,3.8658,0,0,3.0636,3.3632,2.4882,4.7403,4.6376,3,0,3.0011,2.0883,23.811,3.8679,6.7683,4,Inf,1,1,20,17,17,20,Inf,18,Inf,16,16,17,17
-0.76379,0.11574,1.1061,1.097,2.7328,1.3082,1,2.5519,0.96325,2.046,2.3725,1.7467,1.0732,2.9153,1.8393,4.4921,2.3523,0,3,1,2,1,1,0,1.2651,0.88656,1.3286,2.697,1.5852,1.7429,18.179,1,1.6097,1,0.87701,5,0,0,1,0,0,1,2,0.36284,0,4,4,0.86342,0,0,0,3,1.2788,0,0.26307,1.4547,0,2.1542,1.2993,0,0,4,1.4156,0,0,0,0,1.2072,2,2,1,1,20,6,6,4,4,8,8,6,6,7,7
0.79309,0.1585,2.9419,2.2649,1.5218,2.6877,2.686,2.5082,2.6717,3.2977,3.8,2.2011,2.0312,1.5658,4.7964,2.3387,1.6068,6,2,1,3,3,1,0.38083,12.234,1.816,1.5128,3.1514,1.375,20.595,2.2324,0,2.7607,6,0.35288,5,0,0,4,1,1,4,4,0.922,0.79628,8,NA,3.8564,4.49,0,4,11,0,2.992,0,0,0,1.7513,2.1923,6.5014,0,3,7.1685,3.4915,5.3355,4.2884,2.365,4.0819,4,Inf,2,2,20,18,Inf,15,15,18,Inf,16,16,20,Inf
-0.52011,0.34608,1.7403,1.4369,2.3205,1.6365,1.3419,2.5574,2.7229,2.0341,2.0251,1.1468,1.501,2.652,0.95401,1.594,2.8447,2,1,3,0,1,3,1.6295,3.9875,0.76191,2.2641,1.9397,7.6932,0.99906,1.5671,1,1.8346,1,0.90938,5,0,1,1,0,0,0,0,0.25516,0.25255,3,3,0,0,0,0,0,0,0,0.45067,0,3.2902,0,0,0,0,0,1.8808,0,1.1197,1.7289,0.76499,1.9598,0,0,4,Inf,20,10,10,4,4,7,7,4,4,8,8
0.83725,-0.37343,2.0933,2.7649,1.2613,2.5434,3.2874,2.0665,4.3419,2.934,1.8342,2.8347,2.8138,2.0654,3.162,1.6575,1.1344,0,2,0,6,1,7,0,3.1749,2.6356,2.2363,1.9392,2.1472,4.0098,1.9168,5,2.0667,1,0.86142,5,1,1,5,1,0,2,3,0.58911,0.89023,7,7,7.211,2.4738,0,3,0,11.057,0,0,0,0,4.749,1.9737,7.7885,0.95042,0,1.9118,7.6857,3.3753,0,3.8148,2.8796,2,2,2,2,20,16,16,10,10,17,17,13,13,19,Inf
-0.50633,-0.040658,1.4184,1.2727,2.0182,2.1342,1.7433,1.7717,1.3391,2.0858,1.1136,2.0718,1.1021,1.4451,1.0753,1.642,1.846,2,2,0,1,1,2,0,4.1639,1.7908,1.4259,4.3085,1.4506,1.1657,4.2518,1,1.8811,1,0.46758,5,0,0,0,1,0,1,2,0.56131,1,4,4,3.0224,0,0,5,0,0,0,0,0.92915,1.4812,0,0,0,0,3,2.0604,0,1.1486,0,0,1.5715,0,0,0,0,20,9,9,4,4,8,8,10,10,7,7
0.028878,-0.23415,2.1981,2.0106,2.0511,2.1686,2.0445,2.2114,1.7416,1.6859,6.2733,1.3258,1.8127,1.2337,1.3753,2.4179,1.7464,1,1,9,0,3,3,8.6146,2.061,1.4894,2.006,1.0473,1.551,2.1085,1.6915,4,1.8922,0,1.1835,5,1,0,1,1,0,1,2,0.53588,0.32813,5,5,3.001,3.6382,0,2,7,2.1423,0,0.35936,1.7767,0,0,2.9205,3.2268,1.9,0,1.8156,1.2724,3.5996,2.437,0.99096,0,0,0,0,0,20,12,12,7,7,10,10,12,12,9,9
-0.15458,0.094151,2.1491,1.7448,1.7627,2.2744,1.9953,2.1031,1.0163,1.6092,1.4714,1.5067,1.5039,2.9885,1.2546,1.9098,2.3217,2,3,0,0,2,3,2.8022,2.5252,1.5357,1.5729,1.7003,1.6331,2.1457,2.3203,1,2.272,1,0.68443,5,1,0,3,0,0,1,2,0.53442,0,6,6,0,2.2317,7.4062,3,7,1.6696,1.9196,0,0,0.62634,3.181,1.408,0,1.9717,0,0.9338,1.6411,4.8154,11.896,2.9136,0.99324,2,2,3,3,20,8,8,4,4,9,9,7,7,17,17
-0.97925,0.18823,1.1512,1.1232,2.5721,1.5187,0.37051,0.82822,1.7456,0.99368,1.2406,1.2202,1.2429,2.879,0.66086,1.0181,4.7736,3,0,1,4,1,7,0.35036,0.50157,1.4392,0.69738,4.2427,1.443,1.2728,2.9046,0,1.4294,2,0.54039,5,0,0,2,0,0,1,1,0.2385,0.069734,1,1,3.8773,0.65821,0,0,2,0,0,0,0,0,0,0,0,0,12,0,0,0,1.1642,0,0,1,1,1,1,20,7,7,1,1,4,4,1,1,1,1
-0.89696,0.20409,0.77471,1.4723,3.544,1.7584,1.2486,3.2719,0.71027,1.8821,2.064,1.6601,0.79523,3.526,2.2348,2.2093,3.2882,2,1,4,4,3,1,0,0,1.7145,1.7505,2.1055,0.74825,5.0287,4.9742,2,1.3009,2,0.63548,5,0,0,4,0,0,0,2,0.067462,0.24207,1,1,0,0,2.696,0,0,1.3193,0,0,1.7693,0,0,0,2.069,2.4782,0,1.3914,0,1.0902,0,0,0,4,Inf,1,1,20,6,6,11,11,3,3,12,12,5,5
0.51559,0.41054,2.0096,2.1762,1.8277,1.4681,2.8062,1.8204,1.1705,0.52981,1.5998,3.5775,2.89,1.8639,2.408,2.2679,1.1091,5,1,1,4,1,1,0,0.93643,15.958,2.4771,1.482,3.1897,2.4712,1.0792,6,2.877,2,0.45174,5,0,1,2,0,1,2,2,0.74537,1,6,6,0,3.9121,2.3072,6,3,1.1148,0,0.48445,4.2321,3.4227,0,1.6614,4.7678,0,6,2.7488,1.3598,0,0,5.7809,6.5889,0,0,0,0,20,16,16,12,12,14,14,19,Inf,18,Inf
0.49942,-0.37617,2.1634,1.9933,1.7303,2.41,2.2119,1.8436,1.1464,0.5696,3.2243,1.7063,1.9973,3.1944,1.8693,2.2592,1.6709,3,3,3,0,8,5,11.941,0,1.2445,3.7928,2.0218,2.9434,2.987,1.4887,2,2.1208,3,0.71891,5,0,0,4,1,0,3,2,0.77562,0.64422,4,4,6.2239,2.5821,0,0,3,0,2.9249,0.54972,7.2399,0,0,0,1.7786,0,3,7.3348,3.3879,2.1413,2.8624,5.7349,2.973,3,3,1,1,20,15,15,16,16,13,13,16,16,18,Inf
0.060561,-0.11712,2.4006,2.1683,1.9409,2.235,2.2968,2.2606,1.396,2.1817,2.0801,1.4767,2.7277,2.1883,1.4309,1.5726,2.482,2,2,2,1,5,4,0,2.3937,1.3776,1.0136,1.5128,6.0369,5.1401,2.8197,4,2.1842,0,0.40987,5,1,0,3,0,1,0,1,0.4767,0.60329,2,2,1.887,2.9255,4.0153,0,1,2.114,2.3021,0.2177,1.9346,0,2.0225,2.6732,0,0,4,2.1751,4.4592,2.2007,0,0.8751,1.9485,2,2,1,1,20,11,11,15,15,13,13,10,10,15,15
-0.088103,0.06299,2.0522,1.4191,2.0342,1.6029,1.6481,6.2414,3.6429,0.91698,2.3626,2.3788,1.832,1.4674,2.1199,1.0872,1.236,1,3,1,2,5,6,3.3476,0,2.1884,1.2868,2.0734,1.4437,1.9307,3.3174,2,2.2267,1,1.6239,5,1,0,3,0,0,3,1,0.44619,0.16478,6,6,1.9842,0,3.5478,0,3,1.0892,3.4522,0.076013,0,0,1.132,1.8869,2.8529,1.3694,5,2.9013,2.3497,1.9623,3.4795,0,2.1394,4,Inf,1,1,20,11,11,13,13,12,12,5,5,7,7
0.19483,0.19044,2.1834,2.1282,2.2433,2.1314,2.273,2.4255,1.5808,5.0453,3.8257,1.9911,1.261,3.9204,1.2731,2.1123,1.37,0,1,1,0,12,4,0,1.6139,2.4402,1.9546,1.4411,6.1403,2.0659,7.8012,10,2.0207,1,0.35572,5,0,0,2,1,1,5,2,0.29711,0.45018,3,3,0,2.5877,2.0329,0,2,0,2.347,0.57778,1.9792,5.9035,0,1.1754,0,1.8772,0,2.4337,3.2748,1.9835,0,3.5509,1.9632,4,Inf,4,Inf,20,7,7,17,17,11,11,10,10,17,17
-0.12934,-0.13668,1.2408,1.3846,1.4395,0.80357,1.9247,1.909,1.4364,1.985,1.7079,0.77011,1.6285,2.1377,2.2135,2.5616,1.2932,2,1,0,3,2,3,0,0,1.8287,2.6795,2.543,2.1217,2.8946,1.9038,1,1.5353,1,1.2866,5,0,0,1,0,0,1,1,0.40476,0,6,6,1.1053,0,0,2,0,1.0797,1.6481,0.41192,0,0,0,0,1.2533,1.7502,2,1.2803,1.7377,1.2778,3.1005,2.3982,0,3,3,1,1,20,11,11,15,15,12,12,10,10,6,6
-0.50661,-0.38158,1.9345,1.5909,2.4736,1.2638,1.2421,2.276,2.0248,1.4799,1.3061,0.98101,2.6981,1.6528,1.0616,1.105,4.5029,0,1,1,2,6,1,3.5911,0,1.2221,3.7728,1.9765,1.0373,1.9054,1.527,2,1.6466,0,1.1641,5,0,0,0,0,0,0,3,0.27999,0.44423,7,7,0,0,1.142,5,0,2.8678,1.849,0,2.7806,0,0,0,0,0,3,0,1.0352,0,1.115,1.5353,0,1,1,1,1,20,14,14,10,10,6,6,7,7,6,6
0.068473,0.26542,2.0458,1.7521,2.1379,2.085,2.166,1.5688,1.6034,4.269,0.16542,2.6081,1.5865,0.97162,1.203,1.083,1.34,2,3,1,4,3,2,0,0.21996,1.5155,2.3284,10.03,2.105,2.1205,1.0822,4,1.8788,3,0.28218,5,1,1,4,0,0,1,3,0.63344,0.32847,4,4,1.0576,0,1.2256,1,0,0,0,0,0,1.0998,0.82815,1.4442,2.2876,0,5,0,1.2995,2.9236,1.7991,1.1134,1.5967,3,3,0,0,20,10,10,13,13,16,16,14,14,13,13
0.49492,0.41182,1.7374,2.3384,2.0901,3.5997,2.3756,1.4304,3.0541,1.9441,1.3901,2.7792,2.2625,2.2888,3.8053,1.1984,2.2589,0,2,3,0,1,2,9.1089,0,1.7473,2.7709,1.7771,2.732,3.5378,1.2587,0,2.3434,4,0.26595,5,0,0,5,1,1,3,5,0.55088,0,5,5,5.8979,1.8425,0,1,0,2.5404,3.6032,0.76309,0,2.179,0,0.99587,2.646,4.1957,0,0,0,6.3125,1.8014,3.9155,6.1475,2,2,2,2,20,13,13,13,13,15,15,15,15,16,16
-0.56081,-0.26475,1.0997,0.87638,2.1356,2.1794,1.2669,2.9693,6.2329,1.1171,0.74198,3.4026,1.6907,1.832,2.2095,0.90718,1.392,2,0,1,0,1,1,0,0,2.2661,1.2605,1.4235,1.6243,1.4228,2.5221,6,1.2366,1,1.5286,5,1,0,4,0,0,5,3,0.21423,0,4,4,1.0842,2.0158,0,0,0,0,1.2737,0,0,0,0,1.74,0,0,0,0,0,0.82807,1.3276,0,1.275,3,3,0,0,20,8,8,4,4,4,4,7,7,8,8
-0.65523,0.11627,1.7659,1.1491,2.7139,2.0883,1.9404,3.0924,3.7643,1.0815,1.0229,1.3702,2.5212,1.8074,1.6986,1.3968,2.8964,1,2,0,0,2,3,0,0.92966,1.492,0.61014,1.6755,1.6957,1.31,2.756,4,1.6672,2,0.43087,5,0,1,2,0,0,2,0,0.099227,0.37729,4,4,2.2813,0,0,1,0,8.0786,0,0,0,2.2833,0,1.2155,0,0,0,0.24617,1.3546,0,0,0.47903,0,2,2,1,1,20,5,5,10,10,8,8,2,2,7,7
0.44241,0.45868,2.2399,2.134,1.8246,1.9781,2.012,1.7455,1.6857,0.9838,1.7246,2.0582,1.3335,1.1131,1.5145,2.6838,1.4798,5,2,3,7,3,1,0,5.7341,2.2331,0.68933,0.54541,1.2635,1.9809,1.3718,3,3.3534,3,0.44147,5,0,1,1,1,1,4,2,0.75516,1,8,NA,0,0,2.102,1,0,2.2089,0,0,0,0,3.437,3.7114,0,2.4347,0,4.0099,0,3.4616,2.3156,8.9368,2.8236,0,0,0,0,20,15,15,18,Inf,14,14,14,14,16,16
0.11706,-0.034887,2.1923,2.0199,1.6096,1.7264,1.9109,1.89,0.60111,2.5429,1.6491,3.8992,1.3236,0.93615,2.3606,2.3932,2.2179,1,0,3,0,2,3,3.4118,0.69167,2.1051,3.481,1.7478,11.389,1.8131,1.3749,2,1.887,0,1.2912,5,1,1,2,0,1,0,2,0.56309,1,2,2,1.818,0,3.1278,7,0,2.1439,0,0.48954,0,0,2.3436,0,0.98468,0,0,0,2.9104,0,2.3974,1.5408,2.0417,2,2,2,2,20,12,12,17,17,10,10,16,16,10,10
-0.49602,0.38699,2.0374,1.5719,2.0819,1.2421,1.3367,2.3584,0.83212,1.4267,2.1161,0.83191,2.0341,2.7798,1.9077,1.6899,1.5687,0,0,0,0,2,2,1.6912,0.12845,1.8546,1.3019,2.5206,1.0001,9.0666,3.4371,2,2.1901,3,0.85289,5,0,0,4,0,1,0,0,0.29341,0.2065,1,1,0,0,2.4508,0,1,0,10.087,0,0,5.3139,0,1.9154,2.5777,1.4029,1,0,1.3004,1.1588,0,0.53371,1.5935,1,1,1,1,20,7,7,11,11,7,7,8,8,11,11
0.88712,0.38941,2.7049,3.0543,1.6939,3.0367,2.897,2.4831,1.0614,2.3746,2.1798,1.803,1.9189,3.8722,3.3952,5.6537,1.364,0,6,0,3,2,4,2.7359,4.7479,9.4226,4.6904,1.9767,3.319,2.916,1.5675,6,2.815,2,0.27371,5,1,0,4,1,1,4,4,0.40551,0.54525,7,7,0,2.3243,2.6917,7,0,0,2.6301,0,2.5327,0,5.2046,1.8901,3.4822,0,5,6.5231,0,2.9406,5.4045,4.7672,11.217,4,Inf,2,2,20,14,14,19,Inf,17,17,13,13,11,11
0.38648,0.27254,2.1973,2.0891,1.8663,2.1393,2.4532,2.4164,2.5749,2.7076,2.3852,2.2473,2.267,1.5169,1.3712,1.7885,2.1501,3,0,0,0,7,4,8.0765,3.671,2.2072,0.91874,1.2842,2.1977,2.5253,1.3779,0,2.5014,4,0.26497,5,1,0,1,1,1,2,2,0.69016,0,5,5,1.281,0,0,0,0,0,1.3965,0.47786,4.2661,3.1356,2.4262,2.8097,1.9513,5.8206,3,0,2.3996,1.8775,3.0375,4.7166,2.1832,0,0,1,1,20,18,Inf,18,Inf,12,12,13,13,17,17
0.16829,-0.17962,2.2319,1.8218,2.4023,1.8214,2.234,2.8699,1.7438,2.5609,2.7598,1.8847,1.7698,2.787,4.4659,2.3142,1.3187,2,0,0,3,2,6,0,2.3386,2.095,2.1089,2.1577,1.655,3.4036,0.93638,1,2.3568,3,0.67555,5,0,0,3,0,0,4,2,0.4837,0.69867,7,7,1.5596,2.183,0,0,0,0,1.6248,0.43572,3.7009,5.5946,0,3.1731,1.4702,1.5641,0,5.9464,1.2097,0,2.8438,2.6208,1.359,1,1,3,3,20,16,16,4,4,10,10,13,13,7,7
0.53751,0.058771,1.9558,2.6658,1.5776,1.1589,1.1645,1.6345,1.1686,2.2613,2.1956,2.1196,2.7869,1.2615,3.8186,2.1642,0.83531,3,1,0,2,6,8,7.2421,6.9094,1.3049,2.0723,1.7736,3.4354,2.0346,1.9613,0,2.6195,2,0.25618,5,0,0,0,0,0,3,4,0.71533,0,8,NA,1.8566,0,3.7482,9,0,5.6852,0,0,3.0547,0.69198,3.8387,0,1.9041,6.367,0,2.8148,2.283,0,3.0332,2.0732,6.32,1,1,4,Inf,20,14,14,16,16,16,16,17,17,16,16
0.69149,0.38348,2.3836,2.3452,1.5846,2.8671,2.7043,1.4528,1.3444,0.61056,5.3686,2.0445,2.05,1.5022,4.0872,2.1046,1.6819,5,3,1,7,1,5,0.072099,1.7458,9.8217,1.4575,1.2461,2.318,2.3559,1.5599,13,3.0747,2,0.4914,5,1,1,2,0,1,4,4,0.68976,0.61393,2,2,2.3628,0,0,9,0,1.351,3.9439,0.25839,1.8158,0,0,2.1635,5.2292,3.5953,0,1.6314,3.9822,2.9847,3.5135,3.8946,2.6539,3,3,2,2,20,16,16,16,16,16,16,14,14,15,15
0.65076,0.33284,1.7808,2.4208,1.534,2.4603,0.47857,2.0282,1.8381,1.9278,6.2741,1.6585,1.4761,1.3428,1.6255,1.6657,2.4346,2,1,7,2,1,1,3.4535,3.6102,2.9319,3.5696,1.0889,2.3668,2.7496,1.7129,3,2.8589,3,1.068,5,1,0,4,1,1,2,2,0.53598,0.63207,3,3,2.313,3.5145,3.1961,0,3,0,0,0,5.7247,0,0.9004,0,0,2.4509,5,0,6.4071,2.3737,3.2993,2.4378,5.3713,1,1,2,2,20,18,Inf,16,16,15,15,18,Inf,15,15
-0.87769,0.42003,1.3772,0.30113,2.4752,1.4515,1.3566,2.8632,1.889,1.3539,0.86101,1.1126,2.0152,2.9215,3.748,1.7508,1.5514,2,2,2,1,3,2,0,0.26662,1.531,1.2762,2.3448,1.3428,1.6149,2.1274,1,1.5996,5,0.63773,5,0,1,1,0,0,2,1,0.26856,0.17158,1,1,0,0,0,0,1,2.1668,0,0,0.58179,2.2616,0,2.2681,1.5272,3.3136,0,0,0,0,0,0,1.1359,4,Inf,0,0,20,6,6,6,6,6,6,16,16,2,2
0.095334,0.18786,1.8641,1.6984,1.3801,1.3795,1.6321,2.237,1.4341,2.5985,1.507,1.614,2.0658,1.254,1.9558,1.457,2.0715,1,1,4,0,5,2,1.915,6.8671,1.5484,1.9942,2.0204,1.4524,1.3505,7.8455,1,2.3149,2,1.1192,5,1,0,2,1,0,5,3,0.51075,0.24545,3,3,0,0,0,2,3,2.2023,1.8031,0.39901,4.7197,0,1.2299,0,1.1644,0,0,1.4735,1.5364,0,2.5328,5.9496,2.6178,2,2,4,Inf,20,10,10,17,17,13,13,13,13,12,12
0.10005,0.44791,1.914,1.9222,2.6538,0.2321,1.782,2.0207,2.4499,3.2179,1.3948,1.4822,2.1332,1.9844,2.8944,1.3951,0.91753,6,1,0,2,7,1,0,3.8404,3.3818,1.1849,16.441,1.7409,1.0368,1.9707,0,2.7775,6,0.86256,5,0,0,1,0,0,2,4,0.2203,0,3,3,0,1.7487,2.0955,3,0,0,0,0.36211,2.7167,2.2682,0,0,3.2009,2.2989,0,3.6546,0,2.6908,2.3478,4.12,2.8021,2,2,4,Inf,20,10,10,11,11,13,13,12,12,16,16
-0.036728,-0.45678,2.0621,1.9044,2.402,2.0123,1.7322,1.8965,1.8686,1.2551,1.238,1.9531,0.86337,2.3359,3.468,1.4615,4.5399,1,3,2,0,2,1,0,0.027031,1.3202,1.6362,3.6168,1.2533,1.7999,1.6611,1,0.90728,1,2.205,5,1,0,3,0,1,2,3,0.36635,0.53653,5,5,1.9208,1.9712,0,10,2,9.5485,8.5132,0.22495,2.4647,0,1.4216,0,0.65191,1.9398,0,1.4368,3.6859,2.3553,2.4891,0,2.5012,1,1,4,Inf,20,8,8,15,15,15,15,13,13,12,12
0.03369,0.017314,2.1155,2.2668,1.6998,3.1016,2.7435,1.8761,1.4392,1.6092,1.0671,2.3503,1.1266,1.5264,1.0865,1.2698,1.7374,5,1,2,3,1,1,0.70414,0.43224,1.9549,2.968,3.3312,1.6538,1.9858,2.2807,0,2.0146,0,0.37559,5,0,1,5,0,0,1,2,0.2618,0.4971,2,2,0,1.3923,0,1,0,0,3.3097,0.21651,0,0,0,0,0,0,2,4.5473,2.0072,4.3003,3.6284,0.842,0,3,3,4,Inf,20,11,11,13,13,9,9,13,13,12,12
0.90133,0.31954,3.0226,2.9176,1.3384,2.6606,3.0481,1.6302,0.90041,0.47329,2.2374,2.9062,2.3255,1.8956,4.8527,4.8694,0.86274,1,1,2,2,3,2,0,0,2.9796,1.2489,2.0159,2.7609,1.7416,1.6673,0,3.3289,6,0.83051,5,1,0,4,1,1,2,5,0.78983,0.67395,6,6,3.3765,2.435,2.2981,2,2,4.1232,0,0.64886,1.7748,1.4685,0,3.1578,7.1827,0,6,2.4532,2.4749,2.4095,4.5765,7.496,3.2189,2,2,0,0,20,15,15,14,14,18,Inf,18,Inf,12,12
-0.92991,0.048112,1.4912,1.2831,2.9954,1.6652,1.189,2.8199,4.2769,1.1601,0.78751,0.99972,1.0159,1.9236,0.86817,0.81572,5.6069,1,2,1,0,1,2,0.7471,0.89488,1.7097,0.6043,1.9544,5.2255,6.4904,1.9913,1,0.9669,0,1.1727,5,0,0,1,0,0,0,1,0.098353,0.19916,6,6,4.3267,1.2431,1.0166,1,0,0,0,0,0,0,2.3546,0,3.8812,2.1527,0,0,0,0,0.92571,0,0,1,1,3,3,20,8,8,7,7,3,3,1,1,9,9
-0.14169,0.12163,1.3528,1.8447,2.1421,2.3002,2.1887,2.0815,1.5732,2.9505,2.0748,2.0054,1.3832,4.2508,1.2028,0.95498,1.3733,0,1,0,7,1,4,2.1641,1.9846,0.58054,2.8489,0.84343,1.0584,2.365,2.5806,1,1.7507,5,0.61642,5,1,0,0,0,1,2,0,0.3612,0.17572,4,4,1.2674,4.165,0,0,1,0,2.5257,0.26776,0,3.9113,0,0,0,0,0,2.1645,2.6788,1.3903,2.4609,1.4585,2.3051,1,1,1,1,20,13,13,6,6,10,10,15,15,6,6
-0.19381,0.29157,1.8348,1.8779,1.9617,2.2814,2.1839,2.2591,2.4103,1.714,0.61026,1.7459,2.0582,2.7894,1.6598,2.3822,3.6182,1,2,2,3,2,1,0,0,3.5838,3.8537,1.7866,1.9207,1.7785,9.3272,2,2.0474,5,0.51882,5,1,0,3,0,0,0,4,0.41725,0.60107,1,1,0,4.3925,0,1,0,1.0473,3.359,0.29355,1.7426,3.0798,2.3354,1.3126,3.2112,0,3,1.4076,0,3.3027,0,2.1744,2.4074,1,1,0,0,20,10,10,7,7,9,9,3,3,11,11
-0.17562,0.17397,2.0595,1.2254,2.5746,2.3944,2.0269,2.0524,2.8259,1.1554,0.73003,1.2267,1.987,2.9937,1.9213,1.0594,2.8872,2,1,0,3,5,5,0,0.54167,9.3088,2.3085,2.2885,1.4852,1.4161,1.261,3,1.4094,5,0.7305,5,0,1,0,0,0,4,1,0.40281,1,0,0,2.5121,0,0,1,1,0,0,0.36913,2.9218,1.8759,0.83094,1.4446,2.0968,0,0,0,1.5637,1.547,1.2491,1.9606,2.832,1,1,0,0,20,14,14,8,8,12,12,3,3,9,9
-0.61261,0.2447,1.9603,1.515,2.3013,1.15,1.2373,3.4532,3.0133,1.2987,0.72427,1.0244,1.8861,1.8613,0.78446,1.7713,1.6558,1,2,0,0,3,10,2.7199,6.1804,11.974,5.7529,1.8773,1.1132,1.5068,2.3071,0,1.6334,3,0.69224,5,0,0,1,0,0,3,1,0.40695,0,3,3,0,1.3951,1.1858,1,0,0,2.0486,0,0,0,0,0,2.0122,2.3647,0,0.74867,1.8002,0,0.92013,2.0114,0,0,0,0,0,20,6,6,8,8,11,11,6,6,5,5
0.050511,-0.025737,2.1496,1.838,2.4776,2.4696,2.0329,2.1168,1.7281,4.7855,2.7564,2.4938,2.6578,1.5623,3.0915,1.1515,1.7688,3,2,4,1,4,3,0.55031,0.67641,1.8714,1.452,1.5917,1.7831,1.241,3.3595,3,1.9909,0,1.1179,5,0,0,4,0,0,2,3,0.33789,0.35416,2,2,3.0363,0.70706,2.8003,6,0,0,0,0.43086,0,3.4388,1.8201,0,3.1547,1.4528,0,0,2.1066,4.13,9.9693,0,0,1,1,3,3,20,10,10,10,10,13,13,16,16,16,16
0.62961,-0.018377,2.6856,2.4341,0.97506,1.6968,2.3124,1.6374,5.9182,0.80032,3.3365,2.3541,2.777,3.0627,1.8809,1.7633,1.5168,3,4,3,3,2,3,6.3533,2.089,3.3044,2.191,2.5575,11.66,1.6239,2.0775,4,2.2596,0,0.66477,5,1,0,4,1,0,0,4,0.49916,0,5,5,2.457,3.5065,0,0,7,4.7891,3.2888,0,1.7723,1.5178,6.3738,0,1.2704,4.0391,0,4.4231,3.1899,2.8327,3.3825,2.4875,3.5013,1,1,4,Inf,20,12,12,19,Inf,18,Inf,20,Inf,10,10
-0.92848,-0.34096,0.53981,1.2875,2.4483,0.88528,1.8885,2.9982,2.6123,2.0672,0.80668,1.8802,0.95592,3.8765,0.97436,1.1824,1.6714,0,1,0,1,2,5,3.1882,9.2708,1.0472,1.02,1.2632,0.90051,0.9881,4.6924,0,1.3862,1,2.0878,5,0,1,4,0,0,0,0,0.22406,0.18927,6,6,0,0.75008,1.8415,0,0,2.7991,0,0,0,0,0,0,0,1.4206,0,1.7132,0,0,0,0,0,0,0,1,1,20,6,6,8,8,10,10,2,2,6,6
-0.2394,0.34641,1.4485,1.6207,1.6943,1.8032,1.9742,3.0769,1.2599,1.1952,1.2078,2.8625,0.63394,1.3115,2.5182,1.4466,1.1394,3,1,0,5,1,1,5.5572,2.7478,3.0468,2.5408,9.4343,2.2876,2.1265,2.7151,3,1.5845,2,0.49361,5,1,0,4,0,0,2,1,0.32232,0.46509,6,6,0,1.5616,1.7881,0,0,0,2.2638,0,0,3.7241,0,3.3422,0,3.884,0,1.6764,0,1.3278,2.2275,0.88804,2.3291,0,0,0,0,20,11,11,6,6,6,6,8,8,10,10
0.21496,-0.0074518,1.8689,2.0127,1.7961,2.2123,1.9731,0.96718,3.2276,2.2907,2.7575,2.2772,3.1263,1.4424,3.9827,2.1986,2.4299,3,0,1,5,2,5,0.34254,4.7046,1.8536,1.6835,1.3263,2.8101,2.3566,2.9973,7,2.6084,2,0.33855,5,1,1,4,1,0,4,2,0.47997,0.62561,7,7,0,0,2.576,4,1,2.6538,3.3653,0.33387,0,1.8871,1.386,0,0,0,4,2.9481,0,4.1074,2.3852,3.7047,2.6265,3,3,2,2,20,10,10,17,17,13,13,16,16,14,14
-0.088785,0.10753,2.2038,1.1555,2.4609,2.4737,1.0393,1.3371,0.89183,2.9759,2.708,1.2627,0.89093,3.8947,0.66454,1.3852,4.3168,2,5,1,1,3,2,2.3797,8.4138,2.0358,1.5482,4.5062,1.7698,2.5472,1.7256,0,1.8212,2,0.68798,5,1,0,4,1,0,0,1,0.3171,0,7,7,0.74912,2.5699,2.2068,4,2,0,2.8659,0.44862,0,1.2345,1.0312,1.879,0,0,1,0.66593,1.8573,6.7733,1.9323,2.0125,1.4084,2,2,0,0,20,7,7,5,5,8,8,8,8,12,12
-0.28078,0.4091,1.4454,1.7958,2.423,1.7826,2.1118,2.156,1.2881,2.0129,0.81643,1.5821,1.2632,1.9387,1.6759,2.0814,1.3309,3,3,1,0,1,1,3.0358,0,1.4636,11.503,4.5577,2.0975,2.7937,1.4749,0,2.03,0,0.36983,5,1,0,1,1,0,2,2,0.5073,0.12453,8,NA,1.8981,0,0.95933,3,2,1.4391,0,0,0,0,0,0,1.8384,0,5,1.6887,2.3125,2.0216,0,1.6456,2.178,1,1,2,2,20,12,12,13,13,11,11,13,13,14,14
-0.43413,0.05113,1.8176,1.5524,2.2949,1.7333,1.4245,2.5471,3.7431,1.6137,1.3541,1.2001,1.1036,3.0519,3.9983,2.6916,3.5456,1,2,1,2,1,2,1.7784,2.3462,2.0519,2.2922,0.99312,0.88557,1.6287,2.4731,0,2.2002,1,1.129,5,1,0,2,1,1,3,1,0.10446,0.20543,4,4,0,3.7607,0.8163,0,0,0.7057,1.5061,0.33294,0,0,0,0,3.1577,1.2535,0,0,0,1.1348,0.93281,2.2409,1.418,0,0,0,0,20,10,10,10,10,7,7,8,8,6,6
-0.59452,-0.50297,1.5717,1.4409,2.253,1.2309,1.1628,2.6122,1.2595,0.85449,0.55262,1.3566,1.4794,2.9872,0.89312,0.70836,2.2499,2,1,0,0,2,6,0,0.11975,12.901,2.7045,2.544,1.4379,1.8585,2.0469,1,0.92762,0,1.2069,5,0,0,2,0,0,0,1,0.21087,0.22111,1,1,1.6026,0,1.2622,0,0,1.2225,0,0.41595,0,0,0,0,0,1.1778,0,0.42103,0,0,1.071,0,0,0,0,0,0,20,5,5,6,6,8,8,17,17,11,11
-0.097423,-0.41343,2.2132,1.6714,2.3775,2.5294,1.7159,1.9315,3.1643,3.5423,0.64208,1.5161,1.0001,2.1676,1.0166,2.2866,4.2628,2,3,2,0,4,4,0,0,1.9549,12.557,2.5077,1.5832,2.8792,2.1668,3,1.5185,1,0.68102,5,0,0,1,1,0,1,4,0.37805,1,5,5,3.1229,1.4195,1.1622,4,1,0,12.015,0,1.1107,4.4294,2.023,1.5584,0,0,0,0,1.1189,1.2537,1.6578,0,0,3,3,1,1,20,15,15,10,10,12,12,17,17,9,9
-0.099646,-0.033729,1.4832,2.3193,2.0013,1.8502,1.6882,2.1365,2.2977,1.3022,1.3962,3.4488,1.388,3.4871,1.1464,1.1615,2.4308,2,2,1,1,4,3,2.5947,2.505,2.1106,3.9156,2.2214,0.87967,1.727,1.7771,0,1.8242,2,1.2967,5,0,1,1,1,0,4,3,0.70817,0.47893,7,7,0.40539,0,2.1155,0,0,10.803,0,0.36503,0,0,0,1.7311,0,1.1706,0,1.8774,0,1.6054,0,0,0,0,0,0,0,20,14,14,12,12,10,10,15,15,8,8
0.079645,-0.45706,1.8707,2.088,1.6972,2.3843,2.5281,2.2275,4.3992,0.88247,0.52696,1.8945,3.2069,1.8291,1.7233,2.1592,1.0133,4,0,1,3,9,3,0.21951,1.1622,2.8494,0.49123,1.9841,1.6308,2.081,1.648,3,0.87732,1,1.7654,5,0,0,2,0,1,3,1,0.43057,0.52273,4,4,0,2.2313,2.3029,2,3,2.3165,2.4846,0.2425,4.1371,1.3895,1.7755,0,0,1.383,0,2.7777,2.3491,0,1.9173,2.3857,0,0,0,1,1,20,11,11,13,13,14,14,18,Inf,10,10
-0.75401,-0.12513,1.6463,0.85977,2.2671,1.543,1.6135,2.6971,1.5825,3.5804,2.7714,1.9375,0.82285,1.7001,2.0031,1.1329,1.8343,0,0,3,1,5,3,0.64359,0.27396,0.78716,0.9982,1.8895,0.96145,1.8876,2.9206,3,1.3563,0,0.73542,5,0,0,0,0,1,0,1,0.10798,0.26308,2,2,2.7125,0.6914,1.8985,0,3,2.7813,8.2109,0.41906,0,0,2.924,1.3636,1.2142,0,0,1.4471,0.73329,1.5671,0,0,0,0,0,1,1,20,11,11,11,11,9,9,6,6,11,11
0.83564,0.43961,3.3482,3.074,1.9841,2.6247,2.8378,1.6607,1.0365,0.61375,4.4397,2.6513,2.3315,2.4013,2.5591,1.5896,1.0296,4,3,0,1,5,3,0,0,3.5223,3.1811,5.7467,2.4129,2.7646,1.3192,3,3.0701,1,0.53908,5,1,0,0,1,0,3,5,0.82654,1,8,NA,2.4588,2.0531,2.5738,0,4,7.4723,3.0523,0,0,4.1148,0,4.1046,0,0,0,2.2713,4.4266,4.5235,4.4145,3.5247,10.327,3,3,3,3,20,17,17,17,17,18,Inf,14,14,14,14
0.35795,0.32937,2.3812,2.4693,1.9127,1.7653,1.6749,1.8821,1.2574,1.7325,1.6684,2.4983,1.7325,1.6344,1.8439,1.0714,1.0797,0,1,2,6,8,2,0,7.723,1.106,0.93085,0.99785,1.789,3.443,1.4449,1,2.3808,0,0.17171,5,1,1,5,0,0,0,4,0.61991,0,7,7,0,0,0,2,6,1.9432,0,0.70872,1.2829,0,4.5198,1.9723,1.1197,2.3121,6,2.6799,2.1138,2.7211,2.7016,4.238,5.3301,3,3,0,0,20,13,13,12,12,15,15,11,11,10,10
0.3753,-0.49974,2.6466,2.2944,2.0414,2.8919,2.2532,2.9259,0.90522,2.3908,1.3567,3.3284,1.5012,1.7978,2.0615,2.3556,3.1749,3,0,0,9,3,3,3.8833,0.09538,2.1494,2.2467,1.8657,2.6511,1.5316,1.7066,2,2.1238,3,0.97597,5,1,1,1,0,0,3,4,0.70334,0.59676,8,NA,5.2495,2.6415,0,3,4,3.0989,13.052,0,2.0909,0,0.90294,0,1.4902,0,0,3.2931,2.9258,5.2959,3.8951,0.82347,1.6433,1,1,0,0,20,15,15,15,15,16,16,19,Inf,19,Inf
0.95643,0.033996,2.4706,3.1793,1.0983,2.9346,2.989,2.2918,0.77799,3.3932,2.5638,1.9204,3.1818,2.0262,1.9522,3.707,1.4078,2,3,3,9,1,5,0,3.8822,2.2907,1.4408,2.0722,8.3782,25.15,1.4417,2,2.6841,0,0.84608,5,0,1,3,0,1,3,3,0.62684,1,3,3,1.2313,5.1127,9.1717,0,1,0,3.3615,0.67066,6.1196,1.0139,3.6598,2.881,2.14,0,0,4.3244,3.4992,2.0552,6.0767,6.863,8.4402,1,1,4,Inf,20,16,16,19,Inf,18,Inf,18,Inf,18,Inf
-0.88188,-0.056278,1.0457,0.4121,2.0288,1.2289,1.6867,2.5246,3.6888,2.2045,1.632,1.0922,0.53919,4.2657,3.7247,1.0611,1.0573,0,2,2,0,1,3,0,2.5344,1.5183,1.4603,2.5682,0.86564,1.5096,2.896,0,1.0946,0,1.0715,5,1,0,0,1,0,2,1,0.19883,0,3,3,0,0,0,0,1,0.99292,0,0,0,4.7594,0,0,0,0,0,1.1441,1.7859,1.7082,0,1.0373,1.5881,2,2,0,0,20,3,3,0,0,4,4,7,7,4,4
-0.13411,-0.31841,1.2589,1.6046,2.2661,1.8678,1.7242,1.9106,1.9265,0.52689,1.3621,6.1644,1.4505,1.7577,1.7101,1.8817,2.1882,3,3,3,0,1,1,1.5608,0.99722,10.468,1.4778,2.7596,1.2083,1.6308,2.2054,2,1.5219,2,0.63952,5,1,0,1,0,1,4,2,0.22762,0.22841,6,6,0,1.7845,0,6,2,0,0,0.3527,0,2.5258,3.9869,0,0,2.084,0,1.7453,0,0,1.5134,0,0.83795,0,0,0,0,20,9,9,14,14,11,11,13,13,17,17
0.82741,0.14791,2.2206,2.4085,1.7857,2.4726,2.7191,1.19,0.38565,1.4697,3.0053,2.452,2.882,1.3467,5.5586,5.25,1.5026,4,4,1,1,8,3,4.3034,0,3.4503,1.3754,1.6565,2.4278,15.856,1.3606,6,3.0631,2,0.56099,5,1,1,4,1,1,3,2,0.71233,0.43319,7,7,4.53,1.1725,3.861,0,0,5.7667,4.7223,0,0.60867,1.5214,0,0,5.4148,1.7259,1,2.7567,3.4364,2.6752,4.0971,8.8267,3.487,4,Inf,1,1,20,14,14,7,7,16,16,17,17,12,12
-0.24006,0.42684,2.3239,1.3423,1.7878,2.2165,1.6472,2.8089,1.4494,2.3185,1.6866,1.77,2.2245,1.6457,1.6016,1.0036,3.0348,4,0,2,1,3,9,1.5365,0,1.12,2.6317,1.7154,1.9747,1.963,3.3971,3,2.7649,1,1.2665,5,0,1,4,0,0,0,3,0.50852,0.44708,2,2,5.8201,0,3.603,0,5,0,0,0.2274,0,3.6981,0,0,3.7983,5.2774,0,0.94458,1.8732,2.014,2.3285,0.85657,1.9009,1,1,0,0,20,10,10,15,15,14,14,9,9,10,10
0.22556,-0.41812,2.1017,2.2047,2.1232,2.5084,1.9895,1.626,1.4093,0.90143,2.2014,2.1072,2.0849,1.3451,1.4052,1.8723,4.5576,1,1,2,0,3,4,0.94417,1.4874,0.8984,13.321,1.5861,1.7342,1.7147,1.6652,1,1.8075,3,1.0487,5,1,0,0,0,1,0,2,0.70488,0.57438,7,7,0.72,0,0,0,4,1.9732,1.507,0.23518,0,0.93392,1.4428,0,0,2.1544,2,1.9859,1.3674,0,2.1086,0,0,0,0,3,3,20,16,16,12,12,14,14,14,14,14,14
0.91847,-0.26717,2.4077,2.6327,2.0933,2.7448,3.3531,1.3058,1.6137,3.5321,1.5491,1.5906,2,1.7516,2.2429,3.7369,1.2978,4,2,2,0,4,2,0,0.65559,4.361,2.4636,1.8329,3.5341,2.3425,1.5989,0,2.4302,2,1.6575,5,1,1,5,0,1,2,4,0.85766,0,3,3,3.1765,2.4763,3.1517,2,1,3.8101,0,0.72236,0,1.6565,5.622,0,0.72233,2.0723,1,6.3715,4.4937,4.6568,0,4.6774,5.5709,1,1,4,Inf,20,18,Inf,11,11,14,14,11,11,18,Inf
-0.8302,0.33568,1.5828,0.71063,2.9161,1.7805,1.6,2.5454,3.0122,1.6476,0.39633,2.1505,1.6405,2.1967,0.83457,0.98909,1.5613,1,4,1,0,1,4,1.8593,0,0.84459,1.3048,0.88565,1.0474,2.123,3.1546,0,1.9964,2,1.304,5,0,0,1,1,0,1,1,0.13882,0.064579,0,0,0,1.1263,1.3809,3,0,0,0,0,0,0,2.2562,1.4136,2.7612,1.3497,0,1.1079,0,1.8876,0,1.6004,1.6195,0,0,0,0,20,9,9,3,3,3,3,2,2,1,1
-0.13372,-0.33135,1.2459,1.6047,2.5507,1.9804,2.1142,2.1137,1.421,1.0307,1.8946,2.4229,2.0359,3.1469,1.5264,1.0328,1.5523,2,2,3,0,2,1,1.7357,2.3967,1.3288,1.9354,1.8914,1.4793,1.2694,2.0284,0,1.6627,1,1.0148,5,0,0,3,0,1,1,3,0.33759,0.47757,2,2,0,0,1.0179,0,0,0,2.7122,0.40492,0,0,0,0,0,0,3,1.7056,2.1337,0,2.1152,0,1.9225,2,2,0,0,20,12,12,12,12,9,9,7,7,18,Inf
-0.48199,0.43763,1.676,1.7357,2.4727,1.4516,1.7755,1.8592,4.2834,1.7418,1.7326,1.2373,1.7304,5.268,1.0744,1.0697,3.3929,1,3,1,2,1,1,1.632,1.7705,1.9243,0.49797,4.3345,1.0009,2.3155,2.3233,2,2.0012,4,0.43387,5,0,0,2,0,1,1,3,0.084845,0,1,1,0,0,0.93652,0,0,0,0,0.2528,0,0,0,3.301,0,3.3694,5,0,2.4388,0,1.0489,0.90317,2.6945,1,1,0,0,20,6,6,10,10,11,11,7,7,2,2
-0.20907,0.14191,1.7206,1.475,2.0556,1.7176,1.7107,2.0848,1.1522,2.0042,2.7016,2.1337,1.3264,2.7158,1.0222,1.931,3.3625,1,1,4,1,2,6,0,0,2.1521,2.4141,1.7289,0.6869,2.4641,1.604,5,1.5026,4,0.77622,5,0,0,1,0,0,3,1,0.40464,0.28889,7,7,0,0,0,0,3,1.4243,1.8844,0,1.6753,0,2.3856,2.0741,1.0889,0,0,0.74582,0.83119,2.3063,2.1041,1.6172,1.663,1,1,1,1,20,10,10,1,1,7,7,13,13,6,6
-0.29912,-0.22934,2.3106,1.4049,2.2019,2.2288,2.1169,2.5911,2.9128,2.2597,0.7896,1.9768,2.2373,2.3963,1.0079,1.0403,1.2852,0,2,1,1,1,2,0.73425,0.13665,1.2224,11.414,6.242,2.43,1.266,1.5779,3,1.5573,2,0.53291,5,0,0,0,0,1,2,3,0.31133,0,1,1,1.1598,1.146,0,3,0,1.8312,0,0.34782,2.6987,1.4805,2.6658,0,0,1.2262,2,1.7707,0,1.8126,1.7319,0.76357,1.5683,0,0,0,0,20,9,9,2,2,11,11,8,8,7,7
-0.52915,0.0021056,1.4879,1.6121,2.3499,1.7225,1.5345,2.0594,1.585,1.5833,1.18,1.271,1.5201,2.5968,1.2799,2.0281,3.4625,1,1,2,7,2,1,0.11431,1.6398,1.7577,1.2778,2.1958,1.2358,1.829,2.8224,2,1.52,1,0.91856,5,0,0,1,1,0,1,2,0.42229,0.28164,4,4,1.9075,2.7369,1.9081,0,0,0,0,0.26006,0,0,1.349,1.7284,1.0669,0,0,0,1.5209,0,0.65405,1.3732,0,0,0,2,2,20,8,8,14,14,7,7,5,5,8,8
0.13278,0.42269,2.2221,2.1283,2.4117,2.4557,2.2429,1.8678,1.6756,3.3265,1.826,1.6085,1.8087,2.2349,1.4604,3.0839,1.9409,0,1,1,5,1,1,4.3144,3.6812,2.0015,1.7147,1.5795,1.6214,1.9392,1.5808,1,2.6695,6,0.56084,5,1,1,3,1,1,3,4,0.66237,0.70935,6,6,2.5719,2.9226,2.2975,0,0,0,0,0,1.4219,0,2.723,2.2991,0.94658,0,0,5.3559,2.0557,1.1855,1.7931,1.7097,2.7968,4,Inf,4,Inf,20,12,12,6,6,12,12,14,14,14,14
-0.48634,0.064585,1.8227,1.5639,2.6268,1.0299,1.8473,2.5001,2.2667,1.9987,0.62378,1.8782,1.054,1.3475,0.91782,0.87812,2.3745,0,2,3,2,1,3,4.4644,0.20439,1.5166,6.5676,3.0834,1.1499,1.3739,1.564,5,1.7362,3,0.24044,5,0,1,3,0,0,2,1,0.23662,0.17763,3,3,0.95637,1.6305,1.7871,0,2,0.98813,1.4269,0,2.2912,0,0.62313,0,1.6096,1.0724,0,0,0,1.8141,0,0,0,1,1,1,1,20,13,13,14,14,8,8,11,11,10,10
-0.52758,0.36661,1.9735,1.5206,2.1288,1.4545,1.2724,2.4237,1.9712,1.3439,2.9113,1.2031,1.3273,3.1589,1.9006,1.0389,1.8816,1,1,1,0,1,1,0.32941,0,1.0823,0.71422,3.0665,10.223,1.4516,1.5348,1,2.1511,4,0.28837,5,0,0,2,0,1,2,3,0.098964,0.66438,8,NA,0,1.9861,1.0716,6,2,0,2.4629,0,2.3312,0.98011,0.87968,0,0,0,0,0,0,0.82636,0,2.2536,0.78296,1,1,0,0,20,8,8,7,7,9,9,8,8,7,7
-0.2495,0.018967,1.9169,1.665,2.2957,2.1981,1.3186,2.2361,1.296,1.4511,2.1212,2.563,2.7436,2.8521,0.5496,1.1915,2.6792,4,1,2,1,2,2,2.3226,1.6394,0.98304,1.0796,0.99228,2.5712,2.209,2.6387,1,2.1751,2,0.39871,5,1,0,1,0,0,0,0,0.2103,0.51635,2,2,2.6137,2.0888,0,3,3,1.6117,2.1102,0.29645,0.97947,3.7283,3.367,0,1.5455,1.7544,0,1.3633,0,0,1.5634,0.94865,0,2,2,2,2,20,10,10,7,7,12,12,18,Inf,14,14
-0.21408,-0.012059,2.4576,1.5441,1.9296,1.4217,1.957,1.7074,0.99145,1.9978,0.87029,3.7099,2.2371,1.758,1.1134,1.9541,3.9396,0,1,2,6,4,1,0,1.8051,0.9103,1.935,2.6406,2.032,2.0684,2.2856,16,1.9685,0,1.3048,5,1,0,1,0,1,0,2,0.34811,0,2,2,0,0,1.6246,1,0,1.4675,0,0,0,2.8205,1.6414,1.9306,1.1471,2.8642,1,0,1.6051,0,1.4441,3.499,1.5801,4,Inf,0,0,20,9,9,10,10,11,11,12,12,16,16
0.13857,0.20909,1.8484,2.2732,1.7538,1.4952,2.0338,1.0258,3.5712,2.6085,1.3249,1.4971,2.9015,1.2579,1.2426,2.8764,1.334,2,0,4,1,9,5,2.1021,2.9365,2.9784,8.8816,1.4598,1.9114,2.1174,2.6064,1,2.0538,3,0.6556,5,0,0,5,0,1,1,1,0.5245,0,7,7,3.0715,0,0,3,0,0,3.577,0.41465,0.94643,0,0,0,4.0021,2.4186,0,1.7676,2.0806,3.8302,2.4572,2.7545,3.1822,0,0,4,Inf,20,16,16,16,16,12,12,17,17,9,9
0.82282,0.27066,2.3756,2.6573,1.967,2.1579,2.4778,1.3582,2.6184,1.7692,2.5798,6.0202,2.8667,1.3037,2.534,3.8107,1.6263,6,4,0,2,1,5,0.85453,2.8233,2.6624,1.533,6.8234,2.1472,3.3557,9.0212,0,2.7418,2,1.2127,5,1,1,3,1,1,5,3,0.49538,0,5,5,1.006,0,2.1125,0,8,3.2711,0,0.61331,2.785,2.7887,1.9884,3.7372,1.9772,6.2131,0,6.0478,3.7576,0,3.2852,3.1786,3.2531,1,1,4,Inf,20,18,Inf,18,Inf,18,Inf,19,Inf,20,Inf
0.67436,0.13057,2.3714,2.2551,1.6585,2.1803,2.3789,2.0021,4.1855,3.2185,6.2405,3.2712,1.6949,1.7531,1.726,3.1496,1.4755,4,4,2,6,3,7,1.2465,2.6042,2.3416,17.465,0.41647,1.9597,3.3347,1.5758,4,2.5659,2,0.76011,5,1,1,3,1,1,5,3,0.60291,1,6,6,0,0,3.2915,5,0,1.8949,4.0284,0.68208,3.0914,0.87143,3.4867,1.7392,0,3.1349,3,1.8266,4.6082,0,3.4557,3.1609,6.7132,1,1,2,2,20,16,16,15,15,17,17,16,16,19,Inf
0.62905,-0.41364,2.0466,2.7737,1.8961,1.9489,2.3154,1.6884,3.3015,2.3853,2.5148,1.8551,1.4859,0.62799,1.958,1.8522,1.118,3,5,2,0,4,6,0,0.31517,3.0201,4.5665,1.904,2.1806,1.9525,2.7955,5,1.9974,3,0.9972,5,0,0,0,0,0,4,4,0.69819,0.67519,3,3,0,2.2861,2.1052,2,1,2.0976,2.1025,0,0,0,1.1169,2.9944,2.3727,2.6174,1,6.0712,4.7282,3.6945,4.7067,0,1.2387,2,2,0,0,20,13,13,16,16,18,Inf,10,10,20,Inf
-0.62677,0.43291,1.9295,1.5477,2.2618,2.3015,1.3551,2.8153,1.4001,2.2502,0.43687,0.88501,1.1577,1.0596,1.5357,0.69353,2.0379,1,1,0,0,2,9,0,2.0084,1.3255,6.9205,1.808,1.0595,0.80693,2.2497,3,2.5821,3,0.51502,5,0,1,1,1,0,2,2,0.43402,0.3502,8,NA,0,0,1.0144,3,0,0,0,0,0,0,1.4819,0,3.4904,0,0,0.58021,1.4545,2.5462,0,0.91059,1.0974,2,2,0,0,20,6,6,7,7,13,13,1,1,4,4
0.018063,0.21064,2.4937,1.4357,1.7893,1.5716,2.1422,1.7083,0.95992,1.463,0.8563,1.466,1.7477,0.85361,1.4987,1.7965,3.3669,3,1,2,3,1,5,3.9541,1.5836,1.9496,2.1133,7.9137,2.0299,1.4255,6.9039,4,2.4339,2,1.0721,5,0,1,0,1,0,4,3,0.44668,0.36126,2,2,1.7342,1.4308,2.1361,0,0,0,1.7544,0.1817,2.6132,0,1.645,0,2.0912,0,0,1.3756,0,0,0,1.5078,3.0222,4,Inf,0,0,20,7,7,13,13,11,11,16,16,15,15
0.84082,0.3914,2.8838,2.3086,1.5158,0.80288,2.8739,1.1126,0.67921,2.7456,3.0976,3.7702,1.6455,1.4611,1.9174,1.8783,3.576,5,1,9,3,6,10,0,2.1606,1.6943,2.7663,2.763,2.3266,3.212,0.96501,1,3.263,4,0.62779,5,1,1,4,1,1,3,4,0.76576,0.71228,8,NA,0,6.2717,2.2996,0,0,13.631,2.3873,0.77283,0,2.1789,0,4.9978,0,2.5233,0,3.5259,4.2993,2.4439,5.1932,5.6703,6.6688,1,1,4,Inf,20,15,15,10,10,18,Inf,20,Inf,18,Inf
-0.81838,0.23679,0.73868,1.6395,2.9255,1.2553,1.2719,1.9551,1.8527,1.9723,1.3807,1.0788,0.98997,3.5127,1.598,0.72569,2.2646,0,0,4,0,2,1,0,0,0.98237,1.2333,2.227,1.5786,1.7658,2.7927,1,1.7795,1,0.70183,5,0,0,2,0,0,0,1,0.03844,0.16606,6,6,0,1.2502,1.5155,0,0,1.4026,1.2673,0.34356,0,4.0405,1.8404,0,1.2161,1.9377,1,1.5775,1.0214,0,1.0459,0,1.246,3,3,0,0,20,8,8,4,4,3,3,4,4,6,6
-0.6363,0.30638,1.5165,0.74218,2.7071,1.8296,1.2275,2.1838,3.7023,0.91948,0.91194,0.86194,1.4199,3.1729,0.77306,1.059,1.1849,0,4,0,0,1,1,0.35015,0,0.78496,10.418,1.5922,1.3986,2.4322,1.4225,3,1.96,6,0.97038,5,0,0,3,0,1,0,1,0.18743,0.17828,5,5,2.8114,0,1.0657,0,3,1.7744,2.1496,0.4353,0,0,0,1.6901,2.4644,0,1,0.3525,0,1.0087,0,1.0417,1.8865,3,3,1,1,20,5,5,4,4,9,9,11,11,8,8
0.41413,0.29976,2.0479,2.5509,2.2758,2.2169,2.1986,1.9495,1.5705,2.0059,1.6685,1.9038,3.7899,1.9885,1.255,1.5356,1.777,3,0,2,3,9,1,0.65569,0,1.2576,0.80904,2.1149,2.0344,2.8517,2.0346,3,2.6173,1,0.70282,5,1,1,1,1,1,3,2,0.66298,1,5,5,0,1.9328,0,2,6,0,3.8883,0,4.1687,1.1418,3.5796,0.84289,1.2147,2.2265,0,5.6213,2.158,2.0335,2.8296,3.0132,2.822,1,1,4,Inf,20,15,15,9,9,17,17,12,12,17,17
-0.71988,-0.25809,1.0724,1.1986,2.7099,1.5314,1.2093,2.5929,2.5536,0.79474,0.7229,2.0721,0.98574,0.85919,2.5269,0.70476,1.707,2,2,1,0,4,3,5.6663,0.95868,1.7274,8.1823,2.5923,1.4471,1.6027,3.0293,1,1.6199,1,1.5705,5,0,0,0,1,0,4,1,0.19752,0.13264,5,5,0,0,1.2551,0,0,0,1.2766,0,0,2.3049,0,0,0,0,0,0,0,0,0,1.5461,0,0,0,0,0,20,7,7,3,3,4,4,5,5,6,6
0.35163,0.02513,3.3279,2.2099,1.9071,2.5369,2.1061,1.743,1.9489,3.5877,0.94285,1.5658,1.0642,1.6701,1.58,2.6869,1.4077,6,1,1,2,2,4,0,0,9.2552,14.335,0.58881,2.094,3.3757,2.6331,2,2.5204,2,0.93954,5,0,0,2,0,1,4,3,0.69123,0.49858,8,NA,2.4171,1.1656,2.6134,0,0,0,0,0.33134,1.1869,1.3334,1.2069,0,0,0,4,3.3643,3.0088,3.8524,0,0,4.0417,3,3,2,2,20,18,Inf,15,15,14,14,8,8,17,17
0.22339,0.091464,2.5569,1.8682,2.3075,1.8139,1.705,2.6168,2.381,1.5874,1.235,2.0876,2.5972,0.85096,5.6647,1.1487,1.2224,2,2,2,0,1,2,2.5058,2.2169,0.80301,4.3881,2.1802,1.3501,2.0236,2.5347,3,2.053,3,0.68531,5,1,1,1,1,0,4,2,0.57423,0.71345,8,NA,1.9284,3.0802,3.0348,2,3,2.779,13.469,0,0,2.1713,1.2961,2.194,3.2679,1.289,7,1.4883,3.0678,2.2632,15.942,3.4837,3.9072,4,Inf,4,Inf,20,12,12,10,10,12,12,13,13,20,Inf
0.46438,0.20856,2.1469,1.7194,1.7993,2.5498,2.7073,1.8865,2.2241,1.1436,2.8476,3.1721,1.7796,0.80241,1.3862,1.5383,1.7445,2,3,2,1,4,2,7.2278,6.9069,4.2214,2.163,10.232,2.3,1.3482,1.6781,1,2.738,4,0.39807,5,1,0,3,1,1,0,2,0.48191,0.62557,8,NA,0,0,5.1885,4,2,0,1.7378,0.50337,2.5105,0,1.5484,0,0,3.1925,0,5.8025,2.3387,1.5181,2.4971,3.7367,3.4877,1,1,1,1,20,16,16,12,12,17,17,12,12,18,Inf
0.52363,-0.10138,2.813,2.659,1.7697,1.6305,1.4173,1.1208,1.8494,2.4769,1.591,1.8036,1.1908,1.5153,2.6181,1.564,0.99814,0,3,0,0,3,1,10.377,0.34563,2.6138,16.077,11.322,2.4887,3.1133,1.3709,0,2.0176,3,0.84759,5,1,1,3,1,1,5,4,0.58701,0.51575,3,3,0,3.2313,1.195,2,8,2.0229,0,0,0,1.2729,0,0,4.4996,2.452,1,2.6996,4.8241,8.2034,24.381,3.0547,2.7521,4,Inf,4,Inf,20,12,12,14,14,14,14,13,13,20,Inf
-0.83192,0.38077,1.0655,1.284,2.5446,1.7243,0.67889,1.947,1.3214,0.8355,2.4058,1.3669,1.3752,0.66758,0.66968,2.8445,6.6095,2,4,1,0,1,2,0,0,1.6646,0.67804,3.412,1.0412,0.95133,2.7525,5,1.2316,2,0.56674,5,0,0,3,0,0,0,2,0.30736,0.16106,2,2,0,0,9.6453,1,0,2.1154,1.5843,0.23081,0,0,0,1.2607,3.7376,1.542,0,0,0,0,6.5665,0,2.4718,3,3,0,0,20,8,8,11,11,6,6,9,9,2,2
0.78303,0.46159,2.2053,2.1263,0.8996,2.4598,2.11,1.8095,1.304,0.73531,3.0046,2.8556,5.7288,0.80632,2.4984,5.1658,1.108,4,3,0,1,1,2,3.4048,0.4819,3.8165,1.7431,1.6229,2.8839,2.7088,1.8604,0,3.1244,3,0.46292,5,0,1,4,1,1,3,3,0.82317,0.69092,6,6,0,2.9071,5.9645,0,1,1.6535,3,0.56789,2.762,0,4.7311,3.4969,4.8347,4.2069,10,2.0289,2.7045,13.508,5.2508,6.2581,9.7076,0,0,3,3,20,14,14,17,17,18,Inf,19,Inf,18,Inf
0.97026,-0.43238,3.3347,2.931,1.1825,2.3859,2.8924,1.5769,0.71143,1.381,0.98159,3.3727,3.1826,1.3927,1.7617,3.8335,0.6986,2,2,3,0,1,1,0.66658,7.9842,1.6249,2.3148,1.2779,1.948,14.324,9.584,4,2.0961,1,1.7003,5,0,1,3,1,1,4,2,0.73443,0.68197,4,4,4.0411,4.1986,4.5266,3,9,0,3.0348,0,0,2.9248,2.7741,1.9752,0,2.4884,0,5.5245,5.8717,5.1315,5.3397,0,2.5877,1,1,0,0,20,15,15,16,16,20,Inf,20,Inf,17,17
0.092708,-0.44679,2.3461,1.6716,1.657,2.0137,1.5993,2.4197,1.3523,1.8782,2.402,1.3519,2.8064,0.95749,2.2029,1.4377,1.1027,3,1,3,0,2,5,0.84448,0,9.0068,2.269,2.7682,2.6401,2.1616,2.0232,2,1.7873,3,0.30793,5,0,0,1,0,0,4,2,0.40678,1,2,2,1.5431,0,0,0,0,5.1987,0,0,2.316,1.8974,0,0,1.9208,0.79714,0,1.6654,1.4325,1.0368,2.0233,1.6668,0,2,2,2,2,20,10,10,8,8,15,15,15,15,6,6
-0.031145,0.45373,1.7762,2.0461,2.0855,2.1391,0.063828,2.2158,1.5667,0.95108,2.0078,1.2147,1.188,2.4089,1.8208,2.3417,3.4459,3,1,3,2,2,1,1.4869,3.0685,1.533,3.2446,1.761,2.1104,1.779,2.4147,14,2.64,3,0.97905,5,0,1,4,1,0,2,1,0.49377,1,8,NA,2.6033,0,1.5914,0,8,1.5056,0,0.52562,2.3557,2.2969,2.5992,0,1.6806,0,0,0,1.4444,2.9787,1.5207,1.6064,1.7176,3,3,3,3,20,11,11,12,12,14,14,5,5,9,9
-0.3796,0.22041,2.1671,1.6024,2.7925,2.1856,0.94241,1.7526,2.2308,1.1299,2.1398,1.8154,2.2237,2.8776,1.037,4.7424,1.6054,1,4,1,0,2,8,0.62014,0,4.7187,1.7264,1.4161,1.0266,2.1395,2.2316,1,1.653,1,0.23598,5,0,0,0,0,1,4,1,0.20009,0.3389,2,2,0,0.89906,2.2878,0,0,1.3714,2.0394,0,0,2.6119,1.8609,0,1.4874,2.4198,0,2.1253,0,1.8205,1.1222,0,1.4635,0,0,0,0,20,5,5,11,11,10,10,12,12,15,15
0.57022,-0.22681,2.1036,2.3506,1.9301,1.9528,2.7553,2.0344,2.3081,1.6957,3.4485,4.4628,1.9319,0.69104,3.1837,1.9176,1.1872,1,3,4,3,1,2,0.34963,0.39096,2.1543,3.9575,1.0479,1.174,3.3988,2.2484,4,2.5743,3,1.4136,5,1,1,3,0,1,3,3,0.62531,0.51271,5,5,0,1.7356,1.5838,0,0,2.7834,4.1198,0,1.2653,0,2.3235,3.0922,0,2.339,1,3.3711,4.3441,3.1666,3.5275,0,0,0,0,4,Inf,20,15,15,19,Inf,17,17,12,12,14,14
0.38083,-0.4653,2.7275,3.0488,1.515,2.08,2.1248,1.3445,2.3052,1.6039,2.4867,1.8703,1.9646,1.9483,1.7306,1.5682,1.7484,1,2,6,1,1,5,1.9019,0.1151,1.1627,0.92286,1.9201,1.9392,2.1732,1.6424,2,1.5267,4,1.3479,5,0,1,2,0,0,4,2,0.71675,1,4,4,0,0,0,3,1,4.7727,1.5144,0,3.4769,2.835,1.7109,1.8912,0,0,0,3.0591,0,1.2109,2.7756,0,3.7628,0,0,1,1,20,16,16,18,Inf,16,16,12,12,14,14
-0.2521,0.056641,1.7159,2.1114,2.067,1.7943,2.0306,2.2385,2.4466,1.0725,0.59744,1.7922,1.0786,2.3077,4.2543,0.94787,2.1001,2,0,4,1,1,3,0.73531,0,1.6821,1.5969,1.2713,1.0066,1.3657,7.0186,7,1.2019,3,0.26604,5,1,0,5,0,1,2,4,0.43052,0.48758,4,4,0,3.9184,0,0,0,0,1.8165,0.33101,0,1.9662,2.4669,1.0382,0,1.6884,7,2.8896,1.649,0,0,0,3.2974,0,0,2,2,20,11,11,16,16,8,8,8,8,10,10
0.14788,-0.31815,2.2779,1.4403,1.6611,2.28,2.1054,1.827,1.2519,1.4993,1.7625,1.3135,2.369,2.8766,2.6675,3.9136,1.2618,1,0,2,0,4,1,0.69318,2.3504,1.6763,1.6252,0.96447,1.4569,1.7247,1.1979,1,2.2982,1,0.55743,5,0,0,2,1,1,2,3,0.73833,0.51451,4,4,0,1.3738,0,0,0,0,0,0,1.4034,1.061,0,0,2.2873,3.6859,0,0.38803,3.3161,0,0,0,0,4,Inf,0,0,20,10,10,19,Inf,11,11,13,13,7,7
-0.22544,0.40766,2.3014,1.5445,2.362,2.6643,1.8883,2.6703,1.4435,1.1384,1.1492,1.2943,1.9742,1.9164,1.6559,1.9135,0.90774,4,2,0,1,1,1,0.88583,0,1.0314,1.5589,1.8228,6.9789,1.9805,2.8543,1,2.932,4,1.4793,5,0,0,0,0,1,3,1,0.36736,0,5,5,0,0.69682,1.3417,0,0,0,0,0,0,1.9525,2.345,0,2.5585,2.2294,0,0,0,1.4754,2.3517,2.3001,1.6544,0,0,1,1,20,12,12,7,7,8,8,14,14,2,2
-0.74087,0.33972,1.1947,1.5196,2.259,0.26474,0.2513,2.0451,0.59533,0.8765,2.1838,1.8595,0.83267,2.3147,1.7542,0.80647,2.7237,0,1,0,0,2,2,0.57796,0,2.005,1.7227,2.6592,5.2687,1.7724,2.492,2,2.0482,1,0.35797,5,0,0,1,0,0,0,1,0.37956,1,5,5,0,0,0,0,2,1.9018,0,0.13977,0,0.768,1.0967,0,0,1.1035,1,0.98315,1.1121,2.0624,11.469,0,1.8602,0,0,2,2,20,8,8,7,7,8,8,6,6,5,5
0.38361,-0.1501,2.5457,1.9406,2.0213,2.5516,1.8667,1.8602,1.8999,0.74072,1.1505,1.8988,1.7665,0.67394,1.0986,1.5624,2.1561,1,5,4,2,2,2,1.8069,0.080688,16.152,1.0489,2.0376,2.4443,2.598,1.7185,3,2.1039,2,1.3155,5,1,0,2,1,0,3,4,0.59321,0.41111,1,1,0,0,3.0807,0,3,0,2.3125,0.4319,3.3404,1.3534,0,0,1.7611,3.59,3,1.6095,2.5537,2.4665,3.4005,0,2.7214,2,2,0,0,20,13,13,10,10,14,14,16,16,19,Inf
-0.58752,0.08075,1.7989,1.7829,2.1183,1.5301,1.792,3.2506,2.1624,0.71237,0.53946,1.0629,0.73042,1.4154,0.83608,0.9833,3.7534,1,2,1,1,4,2,0.31362,0,0.81823,1.5287,1.4104,1.6934,1.5193,2.4182,3,1.9986,3,0.84833,5,0,0,4,0,1,1,1,0.15087,0,5,5,0,5.6334,0,0,3,0,1.8379,0.32739,1.4955,0,3.4331,0,0.64937,1.412,2,0.70208,0.78476,0,0.95762,2.7468,0,2,2,1,1,20,8,8,8,8,5,5,12,12,3,3
0.37468,0.070265,2.3742,2.4194,2.1024,2.2815,1.8862,1.6293,1.8707,5.1738,2.5282,1.5653,1.8211,1.3293,2.4441,1.5632,3.0589,0,0,7,1,1,2,0,0.4068,2.3436,2.2879,1.2958,1.4145,3.3372,2.1698,0,2.147,3,0.69432,5,0,1,2,1,1,4,4,0.78636,1,4,4,1.1471,2.8074,0,1,1,0,0,0,0,2.0122,3.252,2.3124,1.4619,0,1,3.0098,2.9949,1.5891,0,1.7626,2.597,3,3,2,2,20,17,17,12,12,14,14,10,10,14,14
0.83193,0.40293,2.1709,2.9383,1.4502,3.7975,3.0732,1.5647,1.3312,1.7846,0.65998,1.6436,2.0757,0.98302,3.1045,4.2926,1.7667,2,4,6,1,1,3,6.3703,6.4255,2.353,2.1581,9.9843,1.9989,2.5376,1.2046,4,3.2135,5,0.4288,5,1,0,3,1,1,4,5,0.59035,1,8,NA,3.2222,0,0,0,2,0,1.1476,0.7542,4.8376,0,2.408,3.6584,3.9726,2.458,3,5.0897,2.9251,5.2036,5.647,7.2941,5.128,1,1,4,Inf,20,15,15,15,15,19,Inf,17,17,20,Inf
-0.37979,-0.1638,1.6521,1.5434,2.4348,-1.6646,1.3195,2.2926,4.7201,2.4519,1.8772,2.2478,2.8445,2.6354,1.4385,0.8409,1.6674,1,5,2,4,1,2,1.4581,0.34606,1.0298,0.97384,1.7179,1.3445,1.5654,1.4925,1,1.5296,0,0.97351,5,0,1,1,0,0,0,2,0.23958,0.28844,4,4,3.3727,2.2436,2.2592,0,0,0,0,0.205,1.4991,0,0,1.0598,1.0596,0,0,1.0697,1.3494,0,0,1.861,0,4,Inf,0,0,20,7,7,18,Inf,9,9,9,9,6,6
0.046004,0.041843,1.918,1.9049,2.6859,2.3537,1.5734,2.5129,1.8185,1.4433,1.0397,1.9819,0.66248,1.1129,1.7365,1.0937,1.7589,0,1,0,0,4,3,0.2538,0.087606,9.6192,1.9355,1.9447,2.0111,2.109,1.8062,4,2.3455,2,0.6426,5,1,1,2,0,0,1,3,0.61182,0.35646,4,4,0,0,0,0,4,2.5461,0,0.41206,0,2.1337,0,1.3519,1.437,0.85272,0,2.465,0,4.4918,2.5288,2.6159,2.7954,2,2,4,Inf,20,10,10,11,11,14,14,11,11,8,8
0.14705,-0.38075,1.8041,1.6313,2.231,1.9805,1.9307,2.2054,0.8763,0.68696,2.9702,1.1508,1.8367,1.36,2.9099,3.4336,1.1907,0,1,3,4,3,1,0,0,1.5484,1.0199,2.5418,1.4444,1.5824,1.4292,3,1.8179,1,0.8787,5,0,0,3,0,0,3,2,0.62555,0.20532,3,3,3.3762,2.1052,0,1,0,1.5579,2.6539,0.61559,2.4547,1.9554,3.513,0,3.2233,0,0,6.283,2.2841,0,16.69,0,1.3543,0,0,3,3,20,16,16,11,11,12,12,13,13,16,16
-0.26372,-0.41706,1.737,1.6397,2.7298,1.6261,1.7959,2.0991,4.3667,0.69476,2.4537,4.2433,0.76818,2.0485,1.0542,1.2043,1.5847,1,2,3,4,1,2,0,2.2982,2.2758,9.8354,2.1014,1.8997,0.89645,1.9629,0,1.5707,0,0.78771,5,0,0,2,1,0,0,1,0.61318,0.61079,7,7,0,0,0,0,0,1.7233,1.7465,0.36016,0,0,1.5667,0,0,0,0,0,1.9835,1.4147,2.8597,1.4561,2.9117,0,0,0,0,20,12,12,18,Inf,10,10,5,5,17,17
0.24664,0.20662,2.1971,1.9465,2.3442,2.1591,1.9531,1.6919,2.8694,2.3578,1.6249,3.3123,2.5687,1.1554,1.2616,3.6748,2.2353,2,3,5,0,5,5,0.060601,1.8716,1.257,1.6831,1.1056,1.1864,1.798,1.2338,4,2.0709,1,0.6841,5,1,0,2,1,0,2,2,0.31698,1,5,5,1.6633,0,1.8152,0,0,0,3.9163,0.5731,4.1596,0,2.9112,1.5542,1.9867,0,6,0.77869,1.4374,2.0789,2.3833,2.0456,5.5348,2,2,2,2,20,13,13,9,9,15,15,3,3,16,16
0.72664,0.12323,2.2349,2.8501,1.2554,1.4978,2.2596,1.8018,0.75032,1.2091,2.2965,1.5855,2.4314,0.79729,1.803,1.6899,1.288,1,4,2,2,12,2,1.8344,4.702,2.6673,3.4356,8.9178,21.105,2.5793,1.8425,4,2.4326,1,0.6372,5,1,1,3,0,1,2,4,0.67173,0,8,NA,1.0618,0,4.2516,1,7,3.1767,2.6762,0.60985,0,1.6802,6.3355,0,1.6205,0,2,1.4176,2.5425,5.6772,3.9727,3.8269,4.6789,0,0,0,0,20,14,14,20,Inf,20,Inf,18,Inf,14,14
0.89993,0.30932,2.9263,2.8063,1.4483,3.0572,2.8346,1.6601,1.284,2.0576,1.3454,2.2539,2.1337,2.0633,3.7965,1.4026,0.90049,1,0,5,6,6,1,3.2602,4.6853,3.0187,1.8346,0.82319,2.1087,3.02,1.3396,2,3.3145,6,0.45817,5,1,1,4,1,1,5,4,0.59397,0.48072,8,NA,0,3.3757,2.2352,3,4,2.8752,3.9888,0.50801,2.9902,1.5656,3.5432,3.2662,3.6693,3.8955,0,4.6616,4.9209,4.3847,3.619,8.672,5.2146,1,1,2,2,20,18,Inf,17,17,18,Inf,20,Inf,18,Inf
0.76654,-0.13021,3.1146,2.5119,1.7087,1.9475,2.6677,1.7612,0.69715,2.5676,0.74351,1.5125,2.1416,2.2099,1.2831,1.9514,1.1092,4,1,1,0,3,4,3.8642,0,0.94952,2.2295,1.2236,23.522,2.4136,2.4908,4,2.2923,5,1.239,5,0,0,4,0,1,2,2,0.73982,0.43787,7,7,2.2072,4.2852,0,0,0,1.7923,2.2069,0.6412,4.0689,4.0113,2.7605,8.1871,2.7148,2.6941,3,2.7053,6.3079,2.0308,3.9012,11.056,3.2604,0,0,2,2,20,13,13,16,16,18,Inf,19,Inf,17,17
0.1369,0.11861,2.4935,1.6948,1.784,2.8612,1.7561,2.4454,1.1863,0.72695,3.5054,1.0175,2.0564,3.8452,1.7259,1.721,1.7419,4,4,1,1,5,2,0,0.05134,1.8078,1.9434,0.98109,2.5229,2.3467,2.2102,11,2.2802,2,0.89738,5,0,0,2,0,0,4,3,0.73613,1,8,NA,1.2263,1.7742,1.3225,0,1,1.8067,3.6848,0,0,5.0276,0,2.701,2.424,0,0,0,2.6682,2.2676,3.6213,2.9816,2.8127,1,1,0,0,20,14,14,17,17,16,16,13,13,14,14
0.64378,0.29854,2.9275,2.3144,1.6476,3.156,2.4911,1.3321,2.4698,1.3657,2.2027,2.4061,1.1855,1.3808,9.2514,4.2961,1.6965,3,1,7,2,3,8,0.55411,0,1.9145,1.7271,1.8104,2.9807,11.089,1.4013,5,2.5868,3,0.66226,5,0,1,5,1,0,5,3,0.57591,1,8,NA,2.6189,5.1769,0,0,2,0,3.4093,0,1.4807,3.1809,0,0,4.6415,3.645,0,3.0173,1.4395,3.1613,3.7792,3.3554,4.8181,1,1,1,1,20,15,15,19,Inf,18,Inf,20,Inf,15,15
-0.7071,0.23943,1.7528,1.167,2.7868,1.3624,1.4273,1.5597,0.78595,1.0549,2.2809,1.5371,2.1237,2.0414,0.7466,1.0513,4.7809,3,2,0,1,1,3,1.5318,1.7056,1.3348,1.5398,5.9383,1.4024,1.6584,2.0076,3,1.0792,0,0.45147,5,0,0,3,1,0,3,2,0.30851,0.23669,5,5,0,0,0,2,5,0,11.059,0,0,0,0,0,0,0,0,2.2374,0,2.5202,0,0.82352,0.83122,1,1,3,3,20,10,10,9,9,7,7,6,6,7,7
-0.84993,-0.13391,1.468,1.0175,2.2736,1.741,0.69624,2.4572,2.4451,1.125,2.0424,1.5409,1.3138,2.0426,1.5128,1.7229,7.42,3,0,2,0,2,7,0,1.7975,4.2257,1.0702,3.2697,1.2701,2.1562,1.5213,3,1.0648,2,1.3594,5,0,1,2,0,0,4,2,0.45809,1,1,1,0,0,0,1,1,1.6465,0,0.17653,4.2062,0,0,0,0.53619,1.3359,0,1.1135,0.83728,0,0.73308,1.0986,0,0,0,0,0,20,10,10,6,6,5,5,10,10,10,10
0.39328,-0.10922,2.541,1.6268,1.7672,1.9331,1.624,1.7161,3.1792,1.8437,0.44982,2.1016,1.4656,2.8238,1.7319,2.0238,0.94965,1,0,0,0,2,1,2.381,7.1902,2.5397,2.6476,2.6334,2.0859,3.8489,1.8895,1,2.404,5,0.65174,5,1,1,3,1,1,3,4,0.72283,1,3,3,0,0,0,0,0,0,2.5848,0,1.5643,2.3752,4.9649,2.5413,0,0,0,1.4084,4.5453,0,8.215,0,2.0699,1,1,2,2,20,15,15,18,Inf,13,13,15,15,19,Inf
-0.80586,-0.049677,1.5444,0.95947,2.2381,1.8145,0.78236,2.5469,3.0224,0.90925,0.55144,1.3851,0.89224,1.8603,1.1818,1.9229,2.581,3,0,7,1,1,4,0,0.20836,0.91062,1.3185,5.701,0.79741,1.343,1.7428,1,1.1846,0,1.8006,5,0,1,0,0,1,1,0,0.19173,1,2,2,0,3.4428,0,0,0,0,0,0,0,4.948,0.85151,0,0,1.3795,0,0.58976,1.8909,1.0882,0,0,1.2283,0,0,4,Inf,20,8,8,4,4,7,7,9,9,8,8
-0.29845,-0.12326,1.8668,1.5853,2.3632,1.8249,1.8864,3.3734,1.8363,1.1551,2.6626,0.81817,2.2935,1.5294,1.0569,1.1238,1.2586,0,3,1,2,1,2,0,0.97806,10.863,1.1178,2.5412,5.4702,3.2432,1.4421,2,1.6574,1,0.674,5,1,0,0,0,1,1,2,0.17749,0.34086,2,2,1.5212,1.1393,2.6712,1,0,2.2255,2.2333,0,1.4125,0,0,0,2.0294,1.0655,0,0.28569,1.1674,1.9693,0,1.5534,0,0,0,0,0,20,4,4,12,12,9,9,14,14,12,12
-0.55939,-0.038148,1.5371,1.3484,2.1707,1.0811,1.4744,2.8367,2.0674,4.0628,1.5238,1.0991,1.0939,3.2607,0.86264,1.1477,3.1271,4,1,1,1,3,5,3.7196,3.122,1.2561,1.8072,1.007,7.2559,1.8534,1.9973,1,1.7357,3,0.38336,5,0,0,4,0,0,1,0,0.33076,0,5,5,2.0714,0,0,0,0,2.6737,0,0.50311,1.6346,0,0,0,0,1.0439,2,2.8858,0.84475,1.3658,1.875,3.2574,0.82951,1,1,2,2,20,6,6,2,2,6,6,3,3,7,7
0.53543,-0.11175,2.2161,2.0269,1.3317,3.0303,1.7494,2.0784,1.8221,2.3902,1.527,2.7964,6.6358,1.3795,3.1936,2.1385,1.5916,0,1,1,2,3,2,1.3804,2.6489,2.6053,1.917,1.1095,2.556,3.5374,1.2298,16,2.0803,3,0.3426,5,1,0,3,0,1,2,1,0.67641,0.60699,8,NA,1.282,3.6934,0,0,3,1.779,2.2399,0.3969,4.3868,2.0777,2.0519,1.8493,0,2.0136,1,2.8451,2.4274,3.9365,0,3.3962,1.7185,1,1,4,Inf,20,15,15,13,13,17,17,11,11,9,9
-0.57064,0.19098,2.0104,1.5679,2.5913,2.0867,0.85467,2.2338,4.846,1.9133,0.9769,2.2293,1.698,4.241,1.263,1.7466,2.459,1,1,1,0,1,2,4.2061,0.89194,0.72172,0.84466,2.0242,1.6688,2.7587,2.1953,4,1.6153,0,0.26378,5,1,0,1,0,1,4,2,0.39362,0,5,5,0,0,0,0,0,0,0,0,2.0675,0,0,2.2383,0,0,0,0,0,0,0,0,1.5582,1,1,0,0,20,7,7,14,14,9,9,14,14,14,14
0.002157,0.15831,2.4407,1.4217,1.982,1.4182,2.3311,2.0305,1.1435,2.2798,2.0555,0.71628,1.7721,1.6016,1.3294,4.1463,4.1995,3,0,7,0,1,1,1.7888,0,3.1793,1.4355,1.4205,1.3496,1.7225,1.9118,1,2.1976,1,0.59032,5,1,0,3,1,0,2,2,0.16101,0.27159,2,2,3.9458,2.7189,1.7092,0,0,0,2.0747,0,0,0,0,1.5537,0.62849,2.3017,2,1.4084,3.6899,2.7207,1.878,3.2178,2.4469,1,1,3,3,20,9,9,9,9,10,10,11,11,11,11
-0.075955,0.023414,2.3184,1.1065,2.1243,1.9144,1.3341,1.716,1.3753,1.4217,1.2447,2.1544,0.79679,1.8644,1.2084,1.8186,1.7147,1,1,1,2,2,1,1.2043,1.4648,2.3202,1.6439,2.9299,6.6313,3.2488,1.8973,3,1.8204,0,0.74237,5,0,1,0,0,0,1,1,0.42082,0.34916,2,2,0,2.1762,3.2382,0,0,0,2.6261,0,2.0567,0,2.9982,2.2253,0,1.8894,1,2.9586,1.7784,0,3.0996,0,0,0,0,1,1,20,8,8,14,14,11,11,14,14,15,15
-0.826,-0.27064,0.98006,0.90542,2.9552,1.9647,1.3961,3.0014,2.7762,0.72096,0.99622,0.51497,1.5088,2.4242,2.0168,1.0033,2.6968,1,3,0,2,1,1,0,3.7804,0.96778,1.5394,1.4855,1.2076,1.767,2.7064,2,1.3185,4,1.4649,5,0,1,2,0,1,2,0,0.18612,0.051796,1,1,0,0,0,2,0,0,0,0,0,2.6417,0,0,0.30303,1.5318,0,1.9963,0,0,6.1238,2.1665,0.79527,0,0,1,1,20,8,8,7,7,5,5,2,2,5,5
0.41388,-0.42312,1.6472,2.667,1.5912,2.7173,1.9749,1.8198,1.1829,1.3933,2.6339,2.3879,0.721,3.3996,2.125,2.6068,1.2323,3,1,1,3,1,4,0,0,2.683,1.9513,2.969,2.1225,1.3988,2.1821,3,1.5564,1,1.5472,5,1,0,2,0,0,4,0,0.82289,0.42515,6,6,2.5647,2.2305,2.4087,1,0,3.3355,2.2823,0,0,3.3158,2.8565,0,0,0,0,2.304,2.4144,3.0847,2.9945,4.0667,2.8523,3,3,1,1,20,14,14,15,15,15,15,11,11,15,15
-0.67149,0.39382,2.252,1.0958,1.4964,1.5657,2.567,2.9481,1.7807,1.2036,2.5069,1.4729,1.7667,1.9673,1.2888,1.106,2.5977,2,1,1,0,4,4,1.1483,4.2339,1.6661,0.87354,3.5447,0.77085,1.4727,1.9618,1,1.9025,2,0.30485,5,1,0,2,0,1,2,0,0.49893,0.10691,2,2,1.4533,0,4.1904,0,0,2.1822,0,0.12242,1.6906,7.424,3.2467,2.7746,0,2.5183,0,0,0,1.107,0,0.84293,2.0804,3,3,1,1,20,4,4,5,5,8,8,7,7,7,7
-0.36424,0.25891,1.9901,1.4871,1.8261,1.4451,0.87309,2.2901,2.6479,3.322,2.6705,1.246,1.0033,2.1022,1.2039,2.3085,1.9976,2,4,4,0,1,2,2.5541,6.4742,0.97567,1.7436,2.2747,1.3517,6.6899,2.3074,0,1.9548,2,0.66381,5,0,1,3,0,1,0,2,0.48563,0.44995,6,6,1.1638,1.9042,0,1,0,0,0,0,0,1.2093,0,0,0,0,0,3.7043,1.6494,1.0384,1.4234,0.80381,2.9084,1,1,0,0,20,7,7,7,7,9,9,7,7,10,10
-0.46867,0.44548,1.5917,1.5779,2.1425,1.2613,1.4698,2.1787,1.5717,0.99495,1.307,2.6669,1.1178,3.253,2.0105,2.5718,1.9267,1,2,1,0,1,1,0,0.21614,0.88095,1.1136,1.3341,2.0623,0.95202,1.8099,0,1.6187,2,0.81939,5,0,0,1,1,0,1,2,0.39441,0.19711,4,4,0.59309,1.0448,0,4,0,2.0677,0,0.21376,0.7929,0,0,0,0,3.0016,2,1.284,1.5321,0,0,3.0304,3.4288,1,1,0,0,20,6,6,7,7,12,12,11,11,6,6
-0.59787,0.17962,1.3695,1.7164,1.8046,1.3921,1.0636,2.9745,1.213,1.6832,1.3701,1.0679,1.137,6.0027,0.67202,1.3803,2.0026,1,3,1,1,1,5,1.3107,0.92695,1.6424,3.2604,4.3703,1.1207,5.183,3.6092,3,1.689,1,0.74733,5,0,1,0,0,1,1,2,0.10673,0.2306,1,1,0.65819,0,0,3,4,0.75526,2.4276,0,0,1.1791,1.4907,0,0,1.7418,0,0,2.7207,0,2.262,1.2151,1.5234,0,0,1,1,20,11,11,15,15,8,8,5,5,4,4
-0.35754,-0.34078,1.9884,1.0174,2.7507,1.8706,1.3103,2.4591,3.6691,1.5358,1.7645,1.9518,0.93449,2.0586,1.1744,0.93425,2.7,1,3,3,2,3,3,1.6302,0,2.675,1.066,0.6888,4.7255,1.3633,1.2067,1,1.5747,1,0.7935,5,1,0,2,0,0,1,2,0.45762,1,4,4,0,0,0,3,0,2.1874,1.6839,0.67979,0,0,0,0,0,1.3395,0,0.38345,0.87199,1.5263,0,0,0,0,0,0,0,20,7,7,13,13,11,11,6,6,6,6
0.8084,0.22003,2.5591,2.9821,2.1048,2.4155,2.2514,1.7264,1.7118,2.8096,1.8827,2.3148,2.0797,1.1939,4.0987,1.7507,1.0458,1,3,3,1,9,8,1.3946,2.4382,2.3744,1.8351,2.7861,1.7217,10.785,1.8892,3,2.8127,2,1.2236,5,0,1,2,1,1,4,3,0.65283,0.84891,8,NA,2.0883,0,3.3877,3,2,3.754,2.6636,0,0,0,0,2.4433,2.2616,2.7535,3,4.0173,3.3777,2.6418,5.2279,4.1938,4.3002,4,Inf,4,Inf,20,14,14,13,13,18,Inf,20,Inf,16,16
0.54643,-0.40155,2.1545,2.5759,1.2515,2.4404,1.9359,1.7169,0.6305,2.0567,2.2396,1.2713,3.1181,2.2338,3.0376,1.9434,1.1734,5,4,5,1,9,6,6.5445,0,1.713,2.0285,1.5175,2.6068,7.0179,1.137,0,1.8842,1,0.75077,5,1,0,3,0,0,3,4,0.59893,0.65297,5,5,2.049,2.0728,3.1537,3,1,4.9221,3.686,0.3324,2.4392,2.3226,4.2376,0,1.8202,0,0,2.7964,0,2.6947,3.7703,1.9946,4.2674,2,2,1,1,20,14,14,17,17,17,17,13,13,9,9
-0.37621,-0.020079,2.2926,1.6192,2.3763,2.653,1.1653,2.7225,0.91538,0.85179,1.5208,2.2266,1.3691,1.4624,1.0958,1.4706,2.1636,2,2,3,5,3,4,3.8416,1.428,1.4194,1.7653,1.3557,1.3842,1.4498,1.6969,1,1.9951,2,1.0747,5,1,0,2,0,0,2,1,0.034037,0.51228,7,7,0,1.7569,1.434,2,3,3.4593,0,0.20118,0,0,3.1434,1.0323,2.2628,0,1,0.69723,0,2.2352,1.0715,2.663,1.674,3,3,2,2,20,3,3,6,6,11,11,13,13,10,10
0.6996,-0.49163,2.5447,2.7957,2.0626,2.0495,2.4564,2.0257,1.9629,1.6096,2.6909,4.3451,1.9013,1.4345,1.6873,1.6927,1.4847,4,3,0,3,5,3,0,0,2.0145,1.2522,1.786,2.8485,1.6047,1.9726,3,1.6138,1,1.0673,5,1,0,2,0,0,4,2,0.82515,0.77713,8,NA,2.9129,2.0869,0,0,0,0,3.1728,0.50718,2.7802,0,2.8317,0,1.2194,1.0122,0,1.2619,9.9037,0,4.579,5.1563,0,4,Inf,0,0,20,16,16,6,6,15,15,15,15,19,Inf
0.23478,0.38425,2.592,1.8639,2.0231,2.0317,2.6774,2.1609,2.3734,1.8415,3.6779,1.3255,1.3962,1.3108,1.8839,1.0365,1.091,0,5,1,0,3,2,0.18676,6.8225,2.1865,4.949,2.3471,1.2448,13.217,1.6157,1,2.7689,2,0.76019,5,1,0,5,0,0,1,2,0.53584,0,5,5,0,2.5912,1.6637,3,3,3.2893,2.4376,0.38524,0,1.6107,1.3027,2.7762,4.1637,0,0,4.8204,2.3116,1.4005,2.9926,3.4757,3.7192,1,1,2,2,20,15,15,16,16,12,12,15,15,11,11
0.87683,-0.073789,2.3156,2.4953,2.127,1.9909,2.494,1.2625,2.7953,2.5524,2.829,3.9332,2.0397,1.8,1.2445,3.0123,1.1806,2,1,4,1,3,3,0.72384,0,4.0661,10.408,2.161,2.9349,2.0682,7.2488,2,2.1705,2,0.91879,5,1,1,5,0,1,4,3,0.72898,0,8,NA,4.4137,3.4899,2.8375,0,3,1.4106,0,0,1.9257,0.75214,3.3442,0,3.678,1.2189,0,11.821,2.7005,4.9985,5.9113,2.5521,5.9808,4,Inf,1,1,20,17,17,18,Inf,18,Inf,19,Inf,18,Inf
-0.24951,0.12845,1.9532,1.1678,2.564,1.9273,1.2945,2.1715,2.5003,0.84005,0.82635,0.89277,1.1696,1.3852,1.2284,1.2805,2.9728,8,4,0,1,1,3,3.1476,3.277,10.153,7.1781,2.3367,1.8323,1.8925,2.2142,6,1.8998,2,1.1365,5,0,0,2,0,1,3,2,0.31161,0.23194,5,5,2.4042,1.616,1.9424,0,2,0,0,0.30255,0,2.7133,1.343,0,0,1.1917,0,1.8709,2.165,0,0,1.5782,0,3,3,0,0,20,9,9,3,3,10,10,16,16,4,4
0.37841,0.33254,1.8451,1.7262,1.9152,1.9701,2.3337,1.6231,1.7435,3.573,2.0564,1.4105,1.7764,2.9097,4.411,2.1321,1.3036,2,3,0,1,2,2,13.231,2.6711,2.3886,3.6281,2.3854,1.0904,1.7983,1.3573,3,1.9629,2,0.87033,5,0,1,0,0,1,2,4,0.65109,0.74852,5,5,0,3.9402,1.8597,0,1,4.4225,0,0.57591,0,0.6737,0,0,0,5.7343,4,1.5449,4.4253,0,4.1895,4.556,3.7603,0,0,0,0,20,18,Inf,12,12,12,12,11,11,15,15
-0.010616,0.38938,2.0339,2.2054,2.3887,2.2007,1.8514,1.7906,0.81765,0.99258,1.6081,1.3584,0.85707,2.1404,1.4819,1.4567,1.3614,2,1,3,4,1,1,0,6.1916,0.88654,2.5714,3.1097,8.7207,1.4494,1.8,3,2.3544,2,0.51906,5,1,0,1,0,1,2,5,0.60119,0.76196,6,6,1.8172,0,4.0775,2,3,0,2.5733,0,0,0,0.9731,4.0049,0,3.2973,0,0,5.4988,0,1.5103,6.6322,3.2338,4,Inf,4,Inf,20,7,7,16,16,14,14,16,16,6,6
0.86707,0.43861,2.4463,3.2303,1.9827,3.0189,2.8894,1.8217,1.6968,1.2353,1.6007,2.4301,4.7276,0.61854,2.1627,1.6961,1.1461,2,3,6,2,3,1,1.0519,0.78496,11.432,4.9442,2.5471,18.474,3.5482,1.6297,1,2.8313,5,0.87683,5,1,1,3,1,1,5,4,0.76394,1,8,NA,1.551,3.5601,4.1203,2,8,2.1342,3.4448,0.86878,0,2.8476,4.2982,5.6969,7.045,0,0,2.93,4.438,3.3006,4.4747,4.3672,3.9365,1,1,4,Inf,20,14,14,15,15,19,Inf,13,13,15,15
0.44353,-0.057255,2.4718,2.2982,1.8112,1.3952,0.814,2.0461,1.9342,3.4159,0.91699,1.8124,1.5946,1.9884,2.1626,2.5148,0.8842,2,4,0,6,6,7,0.77171,2.8815,2.6021,9.3103,1.8217,1.9926,4.6852,1.5588,1,2.3578,2,0.4729,5,0,0,4,1,0,4,3,0.73074,0.7708,4,4,2.6545,0,0,0,4,2.5421,0,0.27622,3.2046,0,0,0,0.98903,0,4,1.6885,1.4449,0,0,4.6239,2.1004,1,1,1,1,20,19,Inf,19,Inf,14,14,12,12,14,14
-0.7229,0.19183,1.4423,1.2317,2.834,1.6552,1.8038,2.4303,0.98495,1.9966,3.4002,0.946,0.81543,1.6471,1.0797,2.3632,2.6804,1,1,1,0,1,2,0,2.8248,0.56872,2.7159,2.2983,1.6734,1.148,1.6015,15,1.9476,2,0.65503,5,1,0,3,0,1,1,1,0.19563,0.56575,3,3,0,1.6678,1.0041,0,0,1.6896,2.0133,0.20019,2.5685,0,1.9678,0,2.6799,0,0,0,0,4.0476,1.3896,0,2.058,0,0,0,0,20,10,10,14,14,7,7,3,3,10,10
-0.99664,0.2628,1.3332,1.5658,2.7833,1.0062,0.93005,2.6848,1.7351,0.72901,0.28101,1.1725,0.81944,2.9207,1.4441,1.0831,1.6518,0,0,1,2,1,1,0,2.2563,0.68732,0.7025,1.6942,0.95882,1.3167,1.6885,3,1.6984,2,0.64156,5,0,1,0,0,1,0,2,0.13144,0,3,3,1.3981,0,1.509,1,0,2.0626,1.148,0.41095,0,0,0,0.83079,0,0,0,1.8018,0.82237,1.358,1.3412,1.5901,0.69459,1,1,1,1,20,5,5,14,14,8,8,11,11,5,5
0.018708,0.39967,1.7197,1.5129,1.8622,1.3391,2.1662,1.7997,2.1034,0.84371,3.234,1.9038,1.7357,2.7914,2.8578,0.84356,1.3498,2,1,3,1,6,1,1.6519,0.0029848,2.246,0.68428,1.0977,1.9996,1.7077,1.9612,5,2.666,2,0.77368,5,1,1,3,0,0,3,3,0.50164,0.43647,1,1,0,1.5655,0.97525,0,5,2.3347,0,0.31331,2.2107,3.2892,0,0,2.2472,2.9287,2,3.4016,0,1.9593,2.7603,1.5956,0,0,0,0,0,20,15,15,10,10,13,13,12,12,16,16
0.19523,0.35727,2.5127,2.1477,1.6426,1.2606,1.7005,1.2822,2.2327,1.1936,1.119,1.0654,2.3485,1.81,2.075,2.9453,1.7968,1,1,0,2,4,3,4.0403,3.8679,2.783,3.3147,2.2195,1.0458,1.8869,1.4581,2,2.8685,5,0.28973,5,1,0,2,1,0,0,2,0.54877,0.58232,1,1,0,0,3.1491,0,0,3.8676,2.3536,0,3.4041,2.9663,2.543,3.521,4.5046,0,0,0,1.0832,1.9148,2.0353,3.4552,0,0,0,2,2,20,16,16,13,13,13,13,12,12,14,14
0.71064,0.07302,2.1174,2.6846,1.8147,2.6482,3.6052,1.5623,2.2347,1.05,7.111,3.0763,2.1036,2.1085,1.3439,3.697,2.4561,3,7,6,4,2,4,1.6963,0,3.5018,3.5212,1.5179,2.9431,12.35,1.3188,2,2.7364,3,0.42753,5,0,1,2,0,1,2,2,0.47792,1,3,3,3.4557,3.2976,1.5886,0,0,2.5464,2.1463,0,2.9705,2.0125,3.1191,2.2726,0,3.1269,1,4.4358,3.1626,3.2651,3.3402,1.6222,3.6801,1,1,0,0,20,14,14,19,Inf,17,17,18,Inf,8,8
-0.64703,0.29284,1.4435,1.3992,2.6999,2.0239,1.5026,2.3749,3.1518,1.8862,0.46935,0.99019,0.86358,2.1855,0.84862,1.2896,1.2237,3,1,1,3,3,2,0.87297,0,2.5424,1.6896,3.0096,1.7474,1.889,1.5196,5,2.0244,2,0.25055,5,0,1,2,0,0,3,1,0.092254,1,3,3,2.0122,1.9098,0,0,1,0,0,0.30508,0,0,0,0,0.83434,1.5391,0,0.94999,2.2917,1.119,1.1452,0,0,1,1,1,1,20,5,5,11,11,9,9,11,11,10,10
0.32132,0.26685,2.4315,1.6364,2.1703,2.5127,2.2101,3.7357,1.1896,0.95667,3.6568,1.1951,2.809,1.5877,2.0456,2.0819,1.5571,3,1,3,3,1,2,5.7786,3.4253,2.3007,0.95408,1.3197,2.6613,7.1122,10.901,0,2.6677,2,1.0056,5,0,0,3,0,1,2,1,0.64761,0.39762,4,4,0,2.1509,0,1,8,2.4026,7.705,0,5.5632,3.8359,2.9609,0,3.437,0,0,0,2.0861,2.1831,3.3156,2.5655,2.6408,0,0,3,3,20,17,17,14,14,12,12,12,12,15,15
0.89089,0.19741,2.9022,2.7315,1.8069,2.5347,3.1217,1.5635,0.97981,3.2864,1.9394,2.3315,1.7399,0.57449,4.3042,4.7862,0.47758,3,2,2,0,2,5,8.3101,0.25854,2.8725,2.6297,1.7033,2.3266,2.676,1.7186,1,2.5721,2,0.95166,5,1,0,4,1,1,5,4,0.70638,0,8,NA,0,4.0602,0,4,0,0,3.0555,0.51695,3.8426,1.7117,0,0,5.8271,5.3039,2,5.7958,4.5658,4.8847,3.7679,7.1873,10.88,0,0,2,2,20,16,16,16,16,18,Inf,17,17,19,Inf
0.10135,0.0040686,1.9341,2.2001,2.1649,2.3623,2.3273,1.9403,1.9915,1.5844,1.68,1.4631,1.6384,2.9545,1.8626,1.4285,0.76077,1,4,3,3,3,1,1.5153,0,1.6275,1.0254,1.9246,1.0576,1.2626,1.0496,17,1.8103,1,1.2648,5,1,0,1,0,1,1,4,0.3497,0.31385,6,6,4.3618,2.0171,0,0,2,0,2.3231,0.59653,2.1435,2.7206,1.6928,2.497,4.2985,0,0,2.703,0,5.5904,1.7402,2.2679,0,1,1,1,1,20,13,13,17,17,11,11,18,Inf,15,15
-0.99303,0.45341,0.95135,0.76093,2.7263,1.1068,1.2703,2.9585,2.4593,1.6118,1.1932,0.6606,0.69203,1.6494,1.1633,0.95682,3.4991,1,2,2,0,1,2,1.3488,1.4579,0.71267,1.8033,2.0033,1.0274,1.097,1.6978,2,1.8581,2,0.25527,5,0,0,1,0,0,1,2,0.13752,0,2,2,0,0,0,0,0,0,0.85287,0,0,1.2707,0,0,0,0,5,0,0,0,0,0.72216,1.5015,0,0,3,3,20,8,8,5,5,7,7,8,8,6,6
0.55419,0.014665,2.2164,2.9255,1.6689,2.1393,2.4115,1.6793,1.0951,2.4026,2.981,1.4736,1.5723,2.0719,1.8755,1.7802,0.90635,2,5,7,3,4,5,0.95063,3.4989,2.3795,1.9717,1.0091,2.7122,1.6509,6.6203,1,2.1892,1,1.0682,5,1,0,4,0,1,3,3,0.64413,0.23539,6,6,1.441,3.4726,3.1161,2,5,1.4219,2.887,0,6.3076,3.9215,0,4.7727,3.7548,1.8917,0,2.086,3.5073,2.4623,4.2309,5.8885,2.5169,0,0,1,1,20,13,13,20,Inf,15,15,16,16,14,14
0.97465,0.0087494,2.7822,3.2044,1.669,3.4141,2.8833,1.7386,0.84909,3.9437,2.9798,2.3927,3.9826,1.0345,1.8768,4.6893,1.836,4,3,1,8,1,3,0.92457,6.2056,3.3915,1.091,1.3482,4.7005,1.9806,6.8875,2,2.4034,2,0.90104,5,1,0,3,1,0,5,4,0.74413,0.73842,8,NA,0,3.1117,2.9557,4,2,0,3.2171,0,4.6196,1.5086,2.9717,0,2.0625,3.2397,2,3.0755,4.8446,3.5533,3.1075,5.9222,5.5833,4,Inf,0,0,20,16,16,18,Inf,14,14,18,Inf,18,Inf
0.9564,0.31006,2.5153,3.1666,1.4209,2.6795,4.0072,1.6311,2.2667,1.2338,2.4369,1.5831,3.0448,1.3232,2.3613,1.6385,0.74718,3,4,0,1,1,7,1.7503,1.5653,3.0209,5.8902,1.6312,1.7807,2.1404,6.0943,3,2.7289,7,0.87903,5,0,1,5,1,0,5,2,0.78294,0.33126,8,NA,0,2.2857,5.9581,0,1,4.2674,0,0,2.9795,1.8173,0,4.6983,0,4.7519,7,3.1001,4.1422,3.8175,6.6775,2.9664,5.085,2,2,4,Inf,20,16,16,16,16,19,Inf,18,Inf,17,17
0.84052,0.44217,2.916,2.7676,1.3826,3.1467,2.18,2.1716,2.3921,0.76191,1.808,1.0185,3.4171,0.93647,1.6246,2.8452,1.5997,1,5,4,1,2,1,1.2094,8.4937,3.6248,2.7019,1.3693,8.987,2.0315,1.4187,3,2.6369,5,0.54103,5,0,1,5,1,1,4,2,0.89173,0.57144,8,NA,0,3.0093,4.7178,1,5,2.082,3.2162,0.69163,4.5055,2.6779,2.4872,7.8084,3.7872,5.8339,5,5.6072,6.6816,0,19.052,4.3747,6.0768,4,Inf,0,0,20,17,17,17,17,20,Inf,13,13,15,15
0.042873,-0.29228,2.0227,1.6094,2.1556,1.9123,1.2374,2.4325,1.2835,1.1079,0.95323,1.8226,1.9059,1.3976,1.0532,1.5779,2.6462,3,1,1,3,1,1,2.2303,2.4469,1.8556,1.0521,1.2622,2.5016,1.298,1.2467,14,1.5562,1,0.70673,5,1,0,0,0,0,2,4,0.61738,0.82333,5,5,0,0,1.1276,0,0,1.2584,1.9325,0.29559,2.8117,0,0.72775,0,2.0359,0,2,1.6338,1.5377,1.9492,3.1826,0,0,3,3,0,0,20,10,10,16,16,16,16,13,13,11,11
0.86339,0.29408,2.4886,3.2033,1.347,2.503,2.2862,2.219,2.2337,0.72779,3.186,3.266,3.3558,1.5093,0.93261,1.8604,1.0435,1,2,2,0,3,3,8.9577,0,4.2107,1.2688,1.379,3.3608,3.6414,1.5022,1,2.5714,4,0.5094,5,0,1,5,1,1,3,4,0.82491,1,6,6,3.2889,2.2792,6.8728,2,0,0,0,0.43507,0,0,0,2.2667,0,2.967,2,3.1214,3.3266,7.2867,16.952,6.8627,5.1036,4,Inf,2,2,20,17,17,20,Inf,20,Inf,17,17,16,16
0.82644,0.41619,3.0701,2.3713,1.399,2.8778,2.6667,1.1733,1.7567,1.3598,1.3134,2.6185,3.1342,0.76796,4.8979,3.8546,0.69616,3,4,1,9,1,2,2.2553,8.9329,1.5787,4.5508,1.5864,4.0304,2.543,1.12,4,2.7257,3,0.81725,5,0,1,5,1,1,4,4,0.74789,0.76404,5,5,1.629,3.2702,0,2,8,4.6949,3.4429,0.59005,0,0,2.2269,0,7.1356,3.7927,0,3.0033,7.3143,3.8853,0,5.0934,6.2065,0,0,4,Inf,20,17,17,17,17,18,Inf,19,Inf,19,Inf
-0.058436,0.034623,1.6621,2.0435,2.2754,0.93773,2.2093,1.7176,1.7312,0.82754,1.5185,2.2838,1.7894,1.7236,1.4269,2.4509,0.96906,1,0,2,0,3,2,4.21,0,1.5833,1.9126,1.5587,7.1859,1.3467,1.7102,1,1.8687,1,1.2669,5,0,1,0,0,1,1,1,0.75759,1,5,5,0,1.6876,1.4839,2,0,0,0,0,1.3185,3.558,1.114,0,0,3.0464,2,0.60478,2.2086,3.4551,14.477,0,0,2,2,2,2,20,10,10,9,9,11,11,13,13,14,14
0.091285,0.21546,1.802,1.9435,2.7401,1.7851,2.0802,0.36977,2.7244,1.0078,2.2963,2.796,1.607,1.8847,1.6533,5.3256,2.4654,3,1,0,1,5,1,4.4011,1.1269,9.1574,1.9551,2.0155,3.3374,1.9944,1.0406,3,2.2156,1,0.53461,5,0,0,5,0,1,2,2,0.56367,0.40879,3,3,1.9145,0,3.0595,0,4,1.9553,1.9243,0.30004,0,0.3594,0,2.1037,4.3261,0,4,3.246,1.053,0,2.1287,2.9419,2.0822,1,1,4,Inf,20,15,15,17,17,11,11,9,9,3,3
0.64849,-0.25987,2.8777,3.2717,1.8167,2.1443,2.5438,1.1543,4.1205,2.5687,3.1052,2.6996,1.9592,1.4744,2.4253,1.6455,1.1395,2,3,4,0,6,4,0,0,1.1514,2.6927,1.6173,2.8846,2.9184,2.1895,2,2.4185,3,0.3422,5,1,1,3,0,1,2,4,0.59733,0.43757,8,NA,0,1.8871,0,0,2,2.0338,2.9247,0,0,2.1198,2.4507,1.5162,1.6325,0.80206,0,4.3908,5.1892,2.4707,2.7105,2.3505,2.5897,1,1,0,0,20,14,14,13,13,18,Inf,16,16,17,17
0.79116,0.42914,2.2603,2.3509,1.3189,2.2003,3.3038,0.85418,2.0237,2.3263,1.917,2.8022,2.6452,1.1238,4.6844,2.467,1.3973,5,0,6,5,3,2,0,0,1.6197,1.4313,3.3417,1.545,2.3498,1.6134,2,2.9079,2,0.56668,5,1,0,4,1,1,5,4,0.60304,0,8,NA,2.6005,0,2.7063,0,0,0,2.8045,0.74115,1.5596,0,2.2368,0,0,4.4047,0,1.0129,5.3886,2.1804,4.8177,3.1404,4.9138,1,1,1,1,20,16,16,16,16,18,Inf,19,Inf,20,Inf
0.20415,0.31423,2.2742,2.2158,1.9457,2.7345,1.8028,1.5993,1.4025,1.8142,1.0593,1.0013,2.0975,1.74,3.0317,0.79909,1.3963,2,3,3,0,3,2,0.77379,1.8257,1.0099,2.5463,0.917,15.823,2.1671,1.9724,1,2.5404,2,1.8869,5,0,0,1,1,1,3,4,0.57619,0.60193,4,4,0,0,0,5,0,21.047,0,0.2293,3.3192,0,1.6554,2.3163,4.8645,0,1,2.7388,0,3.3044,3.1028,0.41306,2.6321,0,0,1,1,20,14,14,17,17,13,13,11,11,12,12
0.59331,0.05614,2.3326,2.2867,2.4753,2.7814,2.8187,1.5266,1.7924,3.3496,2.768,1.406,1.7746,2.3858,1.5506,1.4663,1.1034,3,1,1,4,2,2,4.1333,0,1.7557,2.4024,0.44905,1.886,3.6991,2.1768,3,1.9022,2,0.24545,5,1,1,4,1,1,5,5,0.81358,0.46851,4,4,3.6141,1.5056,0,0,0,0,1.8238,0.55109,0,0,1.1843,0,0,1.9215,0,0,3.1983,4.6387,4.0247,2.1123,1.8572,2,2,3,3,20,14,14,20,Inf,18,Inf,16,16,16,16
-0.32317,0.20912,1.798,2.0482,2.1348,2.2542,1.5617,2.1052,1.2209,0.87366,0.60089,2.535,1.2016,1.4961,2.9964,1.1395,2.9004,2,2,0,1,2,4,4.0627,4.2866,0.99963,2.5824,1.4457,1.2745,1.2925,1.7606,2,1.9984,2,0.86158,5,1,0,1,0,0,2,1,0.60344,0.35703,4,4,1.9698,3.4518,3.367,0,0,2.4577,0,0.099801,0,2.0362,1.8122,0,0,0,0,2.4272,1.3753,1.4521,0.96739,0.82677,1.5357,0,0,1,1,20,13,13,9,9,10,10,11,11,15,15
-0.83739,0.024518,1.3918,0.87285,3.2242,1.0539,1.2082,2.587,1.142,1.4547,0.63729,1.3077,0.63631,4.1332,0.84375,1.3402,3.1022,2,3,1,2,1,2,0,2.5618,0.72923,1.8893,2.4244,0.54227,0.86369,4.0241,0,1.7583,0,0.84789,5,0,0,4,0,1,4,0,0.092578,0,4,4,1.2504,0,1.3393,0,1,0,1.549,0,3.1674,2.947,0,0,0,0,0,0,0,0,1.5433,0,0,0,0,2,2,20,9,9,3,3,7,7,4,4,3,3
-0.66141,0.22504,2.1434,1.4562,2.067,0.79841,1.2099,3.8068,2.1631,0.25747,0.9241,1.1261,0.9106,4.2579,1.2236,0.61887,2.3904,0,1,4,3,1,4,0.16347,4.7072,2.43,6.3615,9.5673,5.9248,2.2186,2.1648,5,2.2956,2,0.71694,5,0,0,0,0,0,4,2,0.30012,0,4,4,0,1.746,1.5375,0,0,1.7423,1.8529,0,0,0,3.0809,1.3095,1.7729,0,0,0.8366,1.1102,1.1087,0,0,0.81843,4,Inf,2,2,20,9,9,1,1,2,2,5,5,16,16
0.41859,0.21801,2.7372,2.5695,1.8316,2.0205,2.5148,1.7965,1.9695,1.0378,3.6348,2.0924,1.9814,1.5148,1.1472,2.2071,1.1474,3,2,1,3,1,2,1.0783,1.4319,0.90807,2.7125,4.5973,2.3979,2.0092,1.9637,1,2.5541,2,0.99161,5,1,1,3,0,0,3,4,0.62955,0.72514,5,5,0.83653,0,0,4,0,1.0792,0,0.56068,1.7472,0,5.9197,2.519,1.9955,2.5717,0,1.3204,1.8859,4.1404,4.1523,5.6894,4.2929,0,0,1,1,20,16,16,12,12,15,15,15,15,11,11
0.12967,0.27626,2.3905,1.5588,1.7061,2.4146,1.7726,1.7053,1.5528,2.1639,3.1212,2.4892,2.0005,1.4744,2.2682,1.4554,1.8518,2,2,0,3,1,3,7.1714,0.30641,3.2747,2.4436,1.1025,1.2037,1.5598,1.9813,1,2.5424,5,0.19646,5,1,1,3,1,0,1,2,0.76592,0,2,2,1.8104,0,2.8912,4,0,0,0,0.62315,2.3498,0,2.106,1.0925,0,0,0,2.6585,3.6049,1.8662,1.76,5.1505,4.4936,2,2,0,0,20,13,13,17,17,12,12,7,7,12,12
0.60279,0.38775,2.2389,2.548,2.1222,2.2924,2.3231,1.5008,2.2311,4.1553,1.3817,3.503,1.7096,2.0727,1.617,2.1851,1.3217,1,1,4,1,1,3,8.3733,5.2291,2.4128,2.8592,1.6637,1.9892,2.5505,0.99618,2,2.6402,4,0.63279,5,1,1,4,1,1,5,4,0.72029,0.35483,5,5,4.0013,0,1.6039,9,3,3.5854,0,0.5125,4.9484,2.3662,0,0,0,5.23,0,0,4.9098,1.7045,5.5162,5.3788,4.1395,1,1,2,2,20,17,17,14,14,15,15,16,16,19,Inf
0.071766,0.35935,1.256,1.9812,2.3705,1.5052,2.1089,2.0133,1.4127,0.88289,2.569,1.4489,2.4718,1.6488,1.0245,1.6019,2.9781,1,4,1,0,1,2,4.1214,5.4033,1.1649,2.6669,1.8249,1.849,1.5144,1.2773,0,2.1858,1,0.37268,5,1,1,0,1,1,1,5,0.60672,0.16834,3,3,2.6278,0,3.1903,2,2,0,0,0.69526,0,2.3743,1.572,6.58,4.945,0,0,0,3.5356,0,0,7.0226,4.4467,4,Inf,4,Inf,20,15,15,11,11,12,12,15,15,20,Inf
-0.48207,0.41366,1.2801,1.6358,2.31,1.0321,1.6006,2.7192,2.8777,1.6239,1.5966,1.5455,1.4312,3.1365,1.6352,0.72455,1.189,1,3,1,0,2,3,2.5941,0,1.301,4.4636,3.4553,9.2914,11.875,2.071,8,2.088,8,0.8296,5,0,1,3,0,0,0,2,0.30436,0.063868,5,5,3.5657,0,1.6075,1,0,2.4735,0,0.43456,0,4.6851,1.1558,0,0,0,9,0,2.1368,1.6168,1.539,2.2347,1.3934,2,2,0,0,20,7,7,12,12,5,5,10,10,12,12
-0.31257,0.12925,1.9581,1.2291,2.051,2.1237,1.5608,2.1638,1.847,0.88772,1.3449,1.2033,2.0718,1.2254,1.3564,1.4375,1.9801,1,1,0,1,5,2,4.1278,1.5471,2.4817,1.2611,0.95636,1.0009,9.9856,1.4688,1,2.0902,3,0.512,5,1,0,2,0,0,2,3,0.38142,0,3,3,1.6218,0,1.9633,0,0,0,0,0,0,2.8003,1.8016,0,0.9239,2.0896,5,1.3152,0,1.5699,2.0645,0.15386,2.4043,0,0,1,1,20,10,10,12,12,11,11,3,3,9,9
0.82,0.10552,1.7308,2.6167,1.8588,2.3476,2.6129,0.86116,1.9218,4.0964,1.386,1.2759,2.4564,1.6647,2.7426,2.7654,1.4838,1,3,1,0,4,3,3.2638,3.8099,9.84,3.7316,0.69639,3.1607,2.2608,7.6413,6,2.737,7,1.0305,5,0,1,5,1,1,5,4,0.67533,0.78088,8,NA,2.5255,3.0546,4.4531,2,1,2.943,24.136,0.61934,2.9949,1.2252,0.35981,1.6985,3.6764,0,1,4.2255,0,3.8518,3.9347,2.7022,10.094,2,2,4,Inf,20,17,17,18,Inf,19,Inf,19,Inf,16,16
0.93545,0.0088568,2.9177,2.2678,1.4006,2.3433,2.9534,1.69,2.6633,3.1175,4.7764,4.4614,3.0205,1.1912,3.4722,2.476,2.1256,3,4,3,0,4,12,1.6021,1.3094,2.2791,4.0291,1.6069,2.3507,1.8998,1.6481,1,3.2887,3,0.72388,5,0,1,5,1,1,5,2,0.64987,1,5,5,0,1.9458,0,1,5,4.8286,3.6113,0.36152,2.3467,0,7.8872,4.5097,4.7088,1.7968,1,7.9028,3.4302,5.7616,4.0567,2.1539,6.771,4,Inf,4,Inf,20,15,15,17,17,19,Inf,20,Inf,20,Inf
0.63451,-0.12706,2.6581,3.3206,1.8652,2.5565,3.0933,0.89955,0.78863,1.7755,3.4086,2.1222,1.5216,1.6506,2.2264,1.4063,1.5786,4,1,8,3,1,5,0.68774,2.7387,13.51,3.0059,2.1062,2.2454,2.0298,0.8642,20,2.1138,2,1.6223,5,0,1,4,0,0,2,4,0.65932,1,5,5,1.0019,0,2.6776,4,6,2.5196,0,0.36859,6.9699,0.39554,3.0335,3.2142,1.1157,3.3994,0,1,1.2759,3.0964,2.2706,1.3068,2.5844,0,0,0,0,20,15,15,9,9,17,17,17,17,14,14
-0.58351,-0.16412,1.5366,1.1006,2.5387,1.2618,1.9215,2.4453,3.5344,3.4368,1.7082,1.3506,2.8645,1.9468,1.0369,1.944,2.6091,0,1,0,0,1,2,0,0,0.68485,1.7798,0.9052,1.3081,1.4369,2.1768,1,1.5884,0,0.39928,5,0,1,3,0,0,2,1,0.064783,0,2,2,0,0,0,3,0,1.9785,0,0.1377,0,0,4.611,1.3217,0,0,4,0.87926,0,0,0,0,0,0,0,0,0,20,16,16,4,4,10,10,13,13,1,1
-0.030213,0.1935,2.2797,1.385,2.2582,2.1374,1.2705,1.7719,2.5703,0.29507,4.6513,1.51,2.0866,1.8676,1.8774,2.0184,1.1781,1,1,0,0,1,2,0.34204,0.49882,0.97934,2.4863,9.0239,1.9663,1.5076,6.6228,6,1.8556,2,1.0364,5,0,0,3,1,0,2,3,0.21188,0,2,2,3.4187,1.904,2.8091,3,0,2.0162,1.9916,0,4.3299,1.7534,1.6216,0,0,6.7755,0,0,0,1.816,0,3.117,1.9124,4,Inf,1,1,20,15,15,9,9,12,12,5,5,12,12
0.52002,-0.15759,2.0917,2.5787,1.4758,1.7371,2.415,2.0208,0.61957,1.1298,3.5869,1.2362,2.7622,0.90635,3.4213,1.2941,0.91076,1,7,8,2,3,2,0.70763,5.1971,2.3973,2.9244,1.2304,2.5292,3.4221,1.1006,1,2.5421,3,1.2708,5,1,1,4,1,0,5,5,0.59259,0.60568,4,4,0,3.5401,2.5756,6,3,3.6261,2.8582,0,4.9522,0,0,2.3331,1.6109,1.1529,1,2.3997,5.7857,2.3932,0,3.8054,4.6078,0,0,0,0,20,16,16,14,14,12,12,20,Inf,16,16
0.5086,0.16875,2.7953,2.5424,2.099,2.2353,2.2514,1.3774,3.7461,1.674,3.5466,4.027,1.5838,1.6807,2.0469,1.4678,2.1452,2,2,3,2,1,3,0.14531,0,2.2169,3.4831,1.6329,2.2175,2.81,4.7296,3,2.2422,3,0.36308,5,0,0,1,1,1,1,3,0.68385,0.76153,1,1,3.2342,1.9434,3.4242,0,0,0,20.527,0,4.7066,0,8.0789,0,5.7058,0,1,4.8105,0,3.5316,3.7233,3.3629,2.0865,3,3,4,Inf,20,11,11,19,Inf,15,15,16,16,7,7
-0.85007,-0.37122,1.7569,1.1632,2.7864,1.7979,1.0151,2.818,1.0874,2.2675,1.1285,0.7238,0.80222,4.6224,1.1515,1.5984,1.3482,1,2,3,0,1,5,0.16358,1.3936,0.64829,9.1214,3.322,1.2698,1.3418,2.3579,1,0.8966,2,0.73969,5,0,0,4,0,0,3,1,0.2356,0,3,3,1.3693,1.7985,0,2,0,0,0,0,0,0,0,0,1.259,0.93805,0,0,1.5669,1.0322,0,0,2.6139,2,2,3,3,20,6,6,13,13,5,5,9,9,17,17
0.94212,-0.21857,2.733,2.6667,1.9059,2.6248,2.19,0.91298,1.0277,2.7836,1.9951,1.7489,3.1401,1.2745,3.3023,3.8457,1.7796,1,1,5,1,2,4,1.103,0,2.0752,2.5823,1.3336,9.5279,3.5365,9.5195,5,2.4122,1,1.9446,5,0,0,5,1,1,5,4,0.85491,1,8,NA,2.5155,0,0,1,10,9.4844,3.53,0.75584,3.3129,4.0923,0,1.8964,4.4987,1.325,4,2.3145,3.3482,6.9507,4.3924,3.9572,4.4221,4,Inf,1,1,20,15,15,13,13,18,Inf,18,Inf,10,10
-0.010378,-0.25018,2.3229,1.9375,2.2224,3.8193,1.6151,1.9987,4.7557,3.3502,4.1009,1.1901,2.2115,2.0463,1.1037,2.1089,1.004,1,2,3,3,4,2,1.1437,4.098,7.8989,1.355,1.5262,11.041,2.6767,1.4432,14,1.3615,2,1.3739,5,0,0,2,0,0,1,2,0.41774,0.28979,6,6,2.2818,0,0,1,0,0,2.7164,0,1.2975,2.2424,0,1.2124,2.7737,1.4965,0,2.2414,1.008,0,2.0235,0,0,0,0,4,Inf,20,11,11,6,6,12,12,8,8,7,7
-0.28354,0.34989,1.841,1.6079,2.5438,2.0296,1.5871,2.187,1.9247,1.6234,2.2971,2.8015,2.0924,3.0628,4.964,2.0183,1.1284,2,4,4,1,1,1,2.8346,0,1.3667,0.91141,2.1884,1.3195,1.4486,2.4721,3,2.2685,2,0.19914,5,0,0,1,0,0,2,2,0.47529,0.45036,2,2,0,0,0,0,3,0,2.8475,0,3.4853,2.821,3.2386,1.1423,4.0467,3.5124,1,0.30049,1.0048,1.512,0,2.7783,2.3818,2,2,1,1,20,10,10,10,10,9,9,9,9,7,7
0.044257,-0.016686,2.4431,2.0531,2.1871,2.1137,1.2717,2.2223,4.4593,1.0252,1.9704,1.7603,1.5904,1.4428,2.0688,3.449,2.4551,2,2,4,0,1,6,0,0.35964,0.89212,2.6663,12.28,1.4038,2.2763,7.8198,5,2.032,1,1.5897,5,0,1,3,0,1,0,5,0.34907,0.62719,3,3,3.7489,3.227,2.7077,3,1,4.5778,0,0.70487,0,0,2.764,1.7245,1.8548,0,0,1.1913,2.2935,1.0246,1.6197,2.6237,0,1,1,1,1,20,12,12,18,Inf,14,14,12,12,7,7
-0.50325,0.2768,1.6492,1.6274,1.7995,2.2415,1.1705,2.3085,1.4902,1.1324,2.5336,1.5569,1.9527,2.3696,1.4354,1.0488,3.1138,0,3,4,0,3,3,0,3.3033,5.3307,1.3524,3.0758,1.3147,7.8063,3.5753,2,1.5438,3,0.65604,5,1,0,3,1,0,2,2,0.10904,0.068346,3,3,2.8604,0.94688,0,0,1,0,0,0,1.1165,0,2.4762,0,0,4.1899,6,0,1.5358,0.92519,0.93628,2.7763,1.0629,0,0,2,2,20,11,11,10,10,11,11,18,Inf,5,5
-0.56225,-0.44367,1.3472,1.0399,2.5079,1.9405,1.4418,2.3855,1.6023,1.4943,0.35088,2.0412,1.0178,0.83159,1.8316,1.2786,1.995,1,2,1,0,3,2,0,3.0275,7.0052,1.7976,2.2698,1.0964,5.9447,1.6565,0,1.6148,0,2.0853,5,0,1,2,0,0,0,1,0.35637,0.44263,5,5,0,1.4913,0,4,0,0,2.2175,0.32491,0,0,0,0,2.191,0,0,1.781,0,1.5128,1.2406,0,0,0,0,0,0,20,7,7,5,5,10,10,13,13,14,14
0.73301,-0.47506,3.2087,2.8785,1.3364,2.523,3.1637,1.4728,0.69465,2.4346,1.7872,2.9061,3.6015,3.2297,1.432,1.6727,0.97372,3,2,3,1,2,2,13.405,1.2515,3.2691,3.8924,2.2924,1.3933,2.7151,1.8786,4,1.6873,1,1.7324,5,0,1,5,1,1,4,4,0.57329,0.55197,5,5,0,2.1096,1.7916,3,2,0,5.1283,0.32273,0,0,1.636,0,1.3735,1.947,3,1.9977,2.5308,3.862,5.0796,5.0628,1.6558,2,2,0,0,20,18,Inf,20,Inf,18,Inf,20,Inf,12,12
0.11574,0.11107,1.8741,1.6783,1.9746,2.9357,1.6008,2.5201,1.5168,2.6446,1.7944,2.9299,3.867,2.3625,1.1011,1.3249,5.6848,5,0,4,1,2,2,0,0,1.3124,1.3563,2.764,1.7093,3.8581,1.187,3,2.0618,2,0.79904,5,1,0,4,1,0,4,4,0.65163,0.45017,5,5,0,0,1.3956,0,1,2.749,2.427,0.55648,1.8504,0,3.5548,2.3692,0,3.5176,5,0,1.6698,2.0424,1.6835,0.77679,2.5486,3,3,4,Inf,20,12,12,16,16,12,12,9,9,17,17
0.73206,0.32819,2.2896,2.2143,1.0748,1.9679,2.1817,1.7319,0.90191,3.561,2.3312,4.1689,3.705,2.0737,3.0189,1.1924,0.80916,3,4,1,4,2,8,2.6281,4.8038,13.067,3.2964,2.3273,5.1109,1.8345,1.0728,0,2.6042,5,0.67717,5,1,0,3,1,0,3,2,0.62487,0.60543,6,6,1.8523,0,3.1866,2,2,2.108,0,0.57787,1.5049,1.0164,3.3386,1.6869,1.8579,2.6081,0,1.871,3.2204,1.518,4.47,9.4825,3.5581,3,3,4,Inf,20,15,15,17,17,18,Inf,19,Inf,19,Inf
-0.11746,0.31378,1.8774,1.8613,2.1922,2.6986,1.1106,2.4466,1.1615,4.0604,1.5838,1.478,1.396,3.0154,1.2523,1.3601,1.2246,1,1,2,7,1,4,0,0.11794,1.568,2.1921,2.1086,1.0102,2.9997,2.8538,2,2.2987,4,0.77101,5,1,1,3,0,0,0,2,0.46025,0.33003,5,5,2.9615,4.2669,1.5787,0,2,0,2.8519,0.44289,0,0,2.0009,1.4717,1.841,1.7166,0,0.81019,1.112,3.6392,2.1911,0.98487,2.3309,4,Inf,0,0,20,12,12,8,8,11,11,15,15,13,13
0.83753,-0.046822,1.9708,2.4373,1.5272,2.0821,2.9147,1.8303,0.92562,0.75099,2.7003,3.0166,3.624,1.5529,2.1278,1.5326,0.98479,0,1,15,5,7,1,0,5.3829,2.1161,2.3766,2.1762,2.0818,2.0197,1.5146,0,2.3157,2,0.76095,5,0,1,4,1,1,5,3,0.94114,1,7,7,2.7773,1.8685,3.7561,0,0,0,1.9369,0.81278,0.84525,2.1528,4.6161,2.7942,1.92,1.6723,6,7.2271,3.4494,0,2.5352,8.3746,0,4,Inf,1,1,20,12,12,17,17,16,16,15,15,17,17
0.88246,0.33466,2.7997,2.7553,1.9232,2.8147,2.7721,1.3947,0.91561,3.393,5.0514,3.4002,1.4672,1.7256,2.1681,4.0694,1.1223,2,2,3,3,5,1,0.022369,0.42391,2.4287,2.6951,1.7208,1.7785,2.0553,1.4688,5,2.957,5,0.99542,5,1,1,4,0,1,5,4,0.64207,0.726,4,4,0.6965,0,2.0754,1,0,2.677,1.9932,0,1.5017,1.9368,1.3335,0,1.7063,3.2432,0,11.922,5.9461,5.5589,3.16,2.8289,5.3486,2,2,1,1,20,16,16,19,Inf,17,17,20,Inf,16,16
0.027601,-0.44476,1.5313,1.9728,1.9968,1.8043,2.0039,2.2091,1.4125,2.0162,2.9009,1.5694,1.4895,1.3545,2.005,1.46,5.1498,0,3,2,1,2,5,0,0.33343,1.8395,1.787,1.884,1.8718,2.2661,2.0914,2,1.6719,1,1.852,5,0,0,3,1,0,3,2,0.45339,1,5,5,0,4.8749,3.4852,3,2,0,0,0.524,0,0,2.9257,0,1.1606,0,0,1.971,0,1.5089,2.9739,2.0142,2.7099,4,Inf,0,0,20,9,9,10,10,15,15,14,14,16,16
0.31056,-0.02329,2.893,1.7779,2.213,2.3438,2.4927,1.7105,1.7386,2.0829,2.1039,2.1889,2.1765,1.4077,2.6554,1.784,1.5176,2,1,0,3,4,6,0.83753,0,2.3728,1.9429,2.0264,4.1316,3.003,3.7918,2,1.8659,1,0.33437,5,0,0,1,0,1,5,2,0.62676,0.095884,4,4,0.61684,0,1.9795,1,7,1.8136,2.4497,0.6241,2.793,3.2397,0,0,0,3.2789,0,1.2439,3.0596,8.2466,4.2901,0,3.4462,0,0,2,2,20,11,11,13,13,15,15,13,13,9,9
0.80488,0.32796,2.5962,3.2751,1.9091,2.7417,2.5318,1.6674,2.519,3.3274,2.8979,3.8591,1.4167,3.6789,1.7455,2.8209,1.5166,3,4,1,2,2,6,2.1766,0.87593,2.3851,1.4639,1.7395,1.4195,4.177,1.0735,12,2.7972,6,0.58128,5,1,0,4,0,0,5,5,0.75927,1,4,4,0.6955,4.1367,1.8728,5,1,3.709,2.6462,0.51654,3.9436,3.0395,2.8928,3.6268,4.8228,0,1,5.432,6.1732,2.7826,3.4501,3.7668,6.6389,1,1,4,Inf,20,20,Inf,17,17,17,17,20,Inf,18,Inf
0.81149,0.0023196,2.6587,1.7924,1.3657,3.1008,3.7179,1.8894,1.3679,1.9001,1.7375,2.9194,1.9551,1.2747,3.6132,1.4008,2.046,2,1,6,4,1,1,5.2469,0.14614,5.0897,1.958,1.4593,1.9658,3.4404,1.6243,2,1.9339,0,0.68859,5,0,0,4,1,0,5,4,0.72281,1,8,NA,0,0,2.2326,3,3,2.0646,2.1161,0.60929,2.2025,0,1.2871,2.8283,1.139,0,3,0,6.9415,3.436,3.8195,0,4.3493,0,0,4,Inf,20,18,Inf,17,17,18,Inf,18,Inf,18,Inf
-0.91881,0.21551,0.80807,1.5851,2.5332,1.8203,1.0462,2.3422,4.2672,1.4619,0.42741,1.1697,0.66948,3.0899,0.99287,1.2327,2.8501,3,1,0,0,2,8,0,0.88305,1.5442,2.2887,1.9074,1.0649,1.5971,3.0479,1,1.4413,1,1.8148,5,1,0,1,0,0,4,1,0.13809,0.35215,2,2,0,0,2.0309,5,0,0,0,0,1.8011,0,2.4909,0,1.4211,0,1,1.2623,0,0.68266,0,1.4292,0,0,0,0,0,20,9,9,10,10,6,6,2,2,11,11
0.59583,0.3387,2.0818,2.1197,0.8116,2.3568,2.0737,2.0121,1.463,5.1299,2.4843,2.8474,3.5964,1.9537,1.8106,1.5035,3.6796,1,6,4,4,3,2,1.817,2.432,15.113,2.0295,0.87857,2.308,8.8643,1.0634,5,2.6373,1,0.2741,5,0,1,2,1,1,3,2,0.59635,1,7,7,1.0104,0,2.7198,0,4,2.7425,0,0.61238,2.063,2.0593,0,1.7713,5.7518,3.2285,8,2.7878,2.0966,0,3.4486,0,3.2971,1,1,4,Inf,20,17,17,14,14,15,15,10,10,15,15
-0.25395,-0.26298,2.1489,1.1195,2.0054,1.6125,1.5022,2.3526,2.4934,0.97833,0.51734,1.5589,0.8995,3.7316,1.0604,1.1504,1.1329,2,1,0,2,3,5,0.63672,0.19975,2.1603,2.0061,2.6187,1.1777,2.0881,2.4838,1,1.7659,0,0.73565,5,1,0,4,0,1,1,3,0.60629,0.26359,3,3,0.94767,1.8681,1.1231,2,9,0,3.403,0,0,0,0,0,0,2.1992,0,0,2.5211,2.8509,1.4916,1.7534,0,1,1,2,2,20,16,16,6,6,12,12,9,9,7,7
-0.045678,-0.18778,1.9442,1.626,2.2292,1.332,1.5337,1.7466,2.2774,1.3146,1.1329,1.2714,2.2178,2.6042,1.8966,1.0602,1.3766,1,4,5,0,1,1,1.16,1.1571,9.1363,1.2829,1.493,1.2804,1.8964,2.8006,1,2.2698,2,0.94321,5,1,0,2,0,0,3,2,0.50634,1,1,1,2.7689,0,3.4323,1,1,12.537,0,0,0,1.9457,0,1.7076,0,0,0,0.9113,0,0,1.6669,1.7675,0,3,3,1,1,20,12,12,8,8,11,11,14,14,7,7
0.71799,0.38988,2.0988,2.8372,1.6871,2.248,2.8426,1.9342,0.31631,2.1544,2.4031,2.3759,2.0959,1.5092,2.5927,2.669,0.98334,4,2,0,2,1,3,0.68038,0,3.4454,3.3375,1.7742,1.3926,2.7144,2.3792,2,2.9164,4,0.39809,5,1,1,4,1,1,4,5,0.68575,0.3663,8,NA,0,0,2.9593,0,10,1.8957,3.3692,0.57469,0,0.99527,0,2.58,0,4.8005,12,3.0802,4.9873,0,3.8723,0,6.0761,4,Inf,0,0,20,19,Inf,15,15,17,17,16,16,20,Inf
-0.51364,0.39919,1.6921,1.1795,2.4587,1.4344,0.59097,2.3828,0.67913,1.8307,1.5212,1.4157,0.82242,1.3649,5.4597,1.114,1.5254,1,0,1,3,1,3,2.1094,2.113,2.0206,1.528,13.609,1.201,0.94513,3.3077,3,1.7718,2,0.65638,5,0,0,2,0,0,0,3,0.30503,1,4,4,3.1453,0,1.5115,0,3,0,0,0,0,0,0,0,1.7059,1.5945,0,0,1.17,0,1.2384,0,1.5235,0,0,1,1,20,12,12,7,7,7,7,7,7,11,11
0.14098,-0.42751,2.3135,1.765,1.9232,1.0816,1.7987,2.1367,2.8487,0.93427,1.3254,2.2687,1.3137,0.73471,1.5611,1.3014,0.94646,2,0,0,1,1,1,4.5127,2.4063,10.04,1.9412,4.2716,1.3813,1.4071,1.3487,3,2.4133,0,0.89692,5,0,1,1,1,1,1,1,0.25884,0.42939,2,2,0.85583,1.705,2.2187,0,3,2.2911,0,0,0,2.6474,1.9638,3.321,0,0,0,0.98493,0,2.1486,12.082,3.3567,3.1317,1,1,1,1,20,11,11,8,8,16,16,19,Inf,11,11
0.41187,0.11241,2.3874,1.9007,2.131,2.339,1.7568,1.7464,0.85783,2.5346,3.3109,2.6367,1.7563,1.4402,1.7963,1.5259,1.1751,1,2,5,10,2,3,0,2.281,1.0055,3.204,1.4345,2.5689,3.5465,1.6441,4,2.2418,2,0.63769,5,1,1,3,1,0,5,5,0.57707,1,7,7,2.9837,1.8323,0,5,0,4.5988,2.2627,0.60783,2.6697,0.86157,2.648,4.6897,3.9203,0,9,2.6552,1.1507,4.0573,0,1.7833,1.5546,3,3,4,Inf,20,9,9,12,12,12,12,14,14,12,12
-0.46017,0.3861,1.7478,0.96674,2.1841,2.0162,1.2542,2.8547,5.2225,0.98619,1.5455,0.99278,1.6754,2.5388,1.7285,1.627,1.7761,2,0,1,8,5,3,1.6976,1.7607,0.72064,0.93673,0.94545,2.2806,1.0077,9.4148,2,1.663,3,0.33779,5,0,1,0,0,0,1,2,0.36984,0,7,7,0,0,3.4733,0,0,0,1.9331,0.24921,0,0,2.9222,1.5178,0,0,4,0,1.59,1.8785,1.3777,0.70413,1.4446,4,Inf,0,0,20,10,10,7,7,10,10,17,17,10,10
0.051733,0.21513,1.9605,1.6845,1.8032,1.7178,2.2492,2.1203,2.0383,1.3418,1.667,1.2476,1.7556,1.4243,1.4046,1.2982,3.5849,1,2,0,4,3,2,4.6551,1.2471,0.91285,1.2389,2.3319,1.833,2.1481,2.4942,5,1.9834,2,0.68412,5,0,0,1,1,1,5,3,0.41399,0,7,7,0,0,2.6029,0,2,14.622,0,0.50511,2.2775,0.9752,0.92388,1.2264,2.9175,0,0,1.8695,2.1341,1.7025,0,1.5609,1.1419,4,Inf,0,0,20,11,11,13,13,14,14,9,9,8,8
0.2755,0.06978,1.9304,2.1325,2.206,2.1986,1.6124,1.7521,1.1252,3.3094,2.8131,1.4262,1.7914,1.4043,2.5914,3.0931,1.3054,3,4,1,2,9,5,0,6.9456,1.7505,1.8144,1.3972,2.8682,2.0476,7.9083,5,1.8309,3,0.68687,5,0,0,1,1,0,2,2,0.35681,1,1,1,0,0,2.145,0,0,0,0,0,1.2601,1.0573,0,3.0653,8.0868,0,3,1.7845,2.1154,0,2.3711,0,0,1,1,1,1,20,11,11,14,14,13,13,11,11,5,5
-0.0029834,0.090386,2.2777,2.2995,2.6782,1.5255,1.9123,1.6163,2.3888,1.9598,4.1238,0.72433,3.3162,2.4206,1.3708,5.1978,1.3037,3,1,2,1,2,1,0,0.72648,3.043,1.9951,3.6841,1.7355,1.539,1.3794,6,1.791,2,0.63723,5,0,1,3,0,0,1,1,0.19518,1,4,4,0,2.4445,2.9346,2,0,0,1.8989,0,3.6007,1.4172,0,0,2.5596,0,7,3.8187,1.6132,1.8356,1.93,2.1637,3.0605,1,1,2,2,20,11,11,17,17,14,14,16,16,17,17
-0.0037082,0.31794,2.0356,1.6731,2.1235,1.6322,1.5395,2.6379,1.3528,1.5287,0.91302,1.8735,1.8823,2.3329,3.221,1.5778,2.3063,8,0,0,2,1,5,0,3.0418,6.1006,2.7067,9.2113,9.2471,2.0174,2.8058,0,2.4657,2,0.70179,5,1,1,3,0,1,0,1,0.25672,0.30048,7,7,0,0,2.4707,0,0,2.9964,0,0.44508,3.0691,2.4331,2.9697,0,1.4957,3.3327,1,1.9749,0,0.89954,0,2.2037,2.0444,1,1,0,0,20,9,9,11,11,12,12,3,3,11,11
-0.81505,-0.46163,1.022,1.1205,2.8214,1.7169,1.0404,2.9476,2.4753,2.5566,1.2463,2.5388,1.2275,2.1298,2.5634,1.1078,1.5535,1,1,1,1,1,2,0.4615,5.6329,1.1739,0.93842,4.2245,0.87223,1.3938,15.037,1,0.6641,1,2.5875,5,0,0,2,1,0,2,4,0.051053,0.20139,2,2,0,0,0,2,0,2.6,0,0,0,0,1.7997,0,0.46966,1.1074,2,0,0,0,1.9264,0,0,1,1,0,0,20,4,4,5,5,10,10,11,11,8,8
-0.037039,0.29992,2.1398,1.8958,1.992,1.8253,1.8295,1.4641,0.45234,4.7581,2.1565,1.9754,2.4423,0.86496,1.0779,1.5075,1.882,4,2,1,0,1,3,0.46177,5.536,0.7019,1.7052,3.7327,3.4969,1.4254,1.0099,1,2.0728,3,0.57061,5,0,0,1,0,1,2,4,0.44557,1,5,5,0,0,0,2,5,3.7082,3.2705,0.50661,2.6701,1.8103,0,4.53,2.328,4.1361,1,0,2.4996,0,2.3341,0,0,4,Inf,0,0,20,18,Inf,10,10,11,11,8,8,11,11
0.32772,0.3795,2.2172,2.1751,1.9339,2.0905,2.2721,2.5736,0.91923,0.67524,2.8598,2.0579,3.5697,1.2038,2.5914,2.1257,3.0074,4,3,3,2,3,7,8.592,0.86508,11.274,1.681,2.1643,2.309,1.3536,1.2226,3,2.8693,2,0.79936,5,1,0,5,0,1,0,2,0.50758,1,4,4,5.9163,3.8053,2.3214,0,4,0,0,0.62886,0,0,4.2134,0,1.7266,0,3,4.217,2.7048,4.5442,3.2978,0,5.2574,1,1,4,Inf,20,17,17,8,8,13,13,18,Inf,19,Inf
